,time,code,ampshift,s0t,s0a,s1t,s1a,s2t,s2a,s3t,s3a,animalID,exptname
63,8.9705175,T,-40.0,,,,,,,,,20200621,20200621_000
65,9.264127499999999,T,10.0,3.5618729096989963,35.6903076171875,4.866220735785953,24.5819091796875,,,,,20200621,20200621_000
67,9.545937499999999,T,-20.0,6.77257525083612,37.3382568359375,,,,,,,20200621,20200621_000
69,9.8506475,T,-5.0,4.615384615384615,36.31591796875,6.1705685618729085,25.665283203125,,,,,20200621,20200621_000
71,10.073917499999999,T,40.0,2.759197324414716,35.5682373046875,3.9632107023411365,24.261474609375,5.769230769230768,19.0582275390625,,,20200621,20200621_000
73,10.3396075,T,-0.0,4.1638795986622075,36.3922119140625,5.6187290969899655,26.092529296875,,,,,20200621,20200621_000
75,10.5638975,T,5.0,3.913043478260869,36.3922119140625,5.2675585284280935,25.3448486328125,,,,,20200621,20200621_000
77,10.768927499999998,T,30.0,2.959866220735786,35.7818603515625,4.1638795986622075,24.658203125,6.020066889632107,19.805908203125,,,20200621,20200621_000
79,10.981957499999998,T,-30.0,,,,,,,,,20200621,20200621_000
81,11.185787499999998,T,20.0,3.260869565217391,35.6292724609375,4.464882943143812,24.8260498046875,6.822742474916387,21.8048095703125,,,20200621,20200621_000
83,11.3828175,T,-10.0,5.2675585284280935,37.078857421875,,,,,,,20200621,20200621_000
91,11.932117499999999,T,-40.0,,,,,,,,,20200621,20200621_000
93,12.0471075,T,10.0,3.612040133779264,35.4766845703125,4.866220735785953,24.4903564453125,,,,,20200621,20200621_000
95,12.169497499999999,T,-20.0,7.625418060200668,38.1011962890625,,,,,,,20200621,20200621_000
97,12.284867499999999,T,-5.0,4.615384615384615,35.9649658203125,6.020066889632107,25.634765625,,,,,20200621,20200621_000
99,12.403697499999998,T,40.0,2.8093645484949827,35.5224609375,4.013377926421405,24.2919921875,5.919732441471572,19.7906494140625,,,20200621,20200621_000
101,12.5235875,T,0.0,4.364548494983278,34.6832275390625,5.8193979933110365,24.658203125,,,,,20200621,20200621_000
103,12.636737499999999,T,5.0,4.013377926421405,34.5916748046875,5.367892976588628,24.96337890625,,,,,20200621,20200621_000
105,12.7454475,T,30.0,3.0100334448160533,34.759521484375,4.214046822742475,24.1851806640625,6.120401337792642,19.4244384765625,,,20200621,20200621_000
107,12.854937499999998,T,-30.0,,,,,,,,,20200621,20200621_000
109,12.962527499999998,T,20.0,3.311036789297659,34.820556640625,4.5150501672240795,24.658203125,6.872909698996655,21.514892578125,,,20200621,20200621_000
111,13.0713575,T,-10.0,5.518394648829432,36.346435546875,7.224080267558528,26.702880859375,,,,,20200621,20200621_000
119,13.516097499999999,T,-40.0,,,,,,,,,20200621,20200621_000
121,13.631927499999998,T,10.0,3.712374581939799,34.5001220703125,5.016722408026755,24.5361328125,,,,,20200621,20200621_000
123,13.7536575,T,-20.0,8.578595317725751,5.67626953125,,,,,,,20200621,20200621_000
125,13.872187499999999,T,-5.0,4.816053511705685,36.102294921875,6.521739130434782,26.42822265625,,,,,20200621,20200621_000
127,13.991057499999998,T,40.0,2.759197324414716,34.72900390625,3.9632107023411365,23.8494873046875,5.869565217391304,19.317626953125,,,20200621,20200621_000
129,14.1157475,T,-0.0,4.414715719063544,34.7900390625,5.869565217391304,25.0091552734375,,,,,20200621,20200621_000
131,14.239797499999998,T,5.0,4.013377926421405,33.538818359375,5.367892976588628,24.2462158203125,,,,,20200621,20200621_000
133,14.361827499999999,T,30.0,3.0100334448160533,32.5775146484375,4.1638795986622075,22.76611328125,6.220735785953177,19.3634033203125,,,20200621,20200621_000
135,14.4898575,T,-30.0,,,,,,,,,20200621,20200621_000
137,14.614987499999998,T,20.0,3.260869565217391,32.28759765625,4.5150501672240795,23.2086181640625,6.872909698996655,20.5841064453125,,,20200621,20200621_000
139,14.735037499999999,T,-10.0,5.518394648829432,34.9884033203125,7.274247491638796,26.1688232421875,,,,,20200621,20200621_000
147,15.230417499999998,T,-40.0,,,,,,,,,20200621,20200621_000
149,15.361727499999999,T,10.0,3.6622073578595313,32.5469970703125,4.966555183946488,23.162841796875,,,,,20200621,20200621_000
151,15.505457499999999,T,-20.0,8.277591973244146,35.1715087890625,,,,,,,20200621,20200621_000
153,15.643787499999998,T,-5.0,4.816053511705685,34.515380859375,6.421404682274247,25.0091552734375,,,,,20200621,20200621_000
155,15.791137499999998,T,40.0,2.8093645484949827,32.257080078125,3.9632107023411365,22.918701171875,5.869565217391304,18.1884765625,,,20200621,20200621_000
157,15.948887499999998,T,0.0,4.364548494983278,33.26416015625,5.869565217391304,24.47509765625,,,,,20200621,20200621_000
159,16.1041375,T,5.0,4.013377926421405,34.698486328125,5.418060200668896,24.7802734375,,,,,20200621,20200621_000
161,16.258947499999998,T,30.0,3.0100334448160533,32.440185546875,4.1638795986622075,22.7813720703125,6.020066889632107,18.3563232421875,,,20200621,20200621_000
163,16.4196375,T,-30.0,,,,,,,,,20200621,20200621_000
165,16.576347499999997,T,20.0,3.311036789297659,33.050537109375,4.5150501672240795,23.468017578125,7.4749163879598655,22.4761962890625,,,20200621,20200621_000
167,16.7329175,T,-10.0,5.518394648829432,34.7900390625,,,,,,,20200621,20200621_000
175,17.407797499999997,T,-40.0,,,,,,,,,20200621,20200621_000
177,17.5409875,T,10.0,3.6622073578595313,33.0352783203125,4.966555183946488,23.5137939453125,,,,,20200621,20200621_000
179,17.6867375,T,-20.0,7.424749163879598,33.8287353515625,,,,,,,20200621,20200621_000
181,17.8225475,T,-5.0,4.765886287625418,33.599853515625,6.3712374581939795,24.6124267578125,,,,,20200621,20200621_000
183,17.9627575,T,40.0,2.759197324414716,31.4788818359375,3.9632107023411365,22.3846435546875,5.8193979933110365,18.096923828125,,,20200621,20200621_000
185,18.108507499999998,T,0.0,4.31438127090301,32.1807861328125,5.8193979933110365,23.681640625,,,,,20200621,20200621_000
187,18.250497499999998,T,5.0,4.013377926421405,32.1502685546875,5.367892976588628,23.7884521484375,,,,,20200621,20200621_000
189,18.404027499999998,T,30.0,2.959866220735786,32.2113037109375,4.1638795986622075,23.101806640625,6.1705685618729085,18.951416015625,,,20200621,20200621_000
191,18.5544175,T,-30.0,,,,,,,,,20200621,20200621_000
193,18.713447499999997,T,20.0,3.260869565217391,30.9295654296875,4.565217391304348,23.0560302734375,,,,,20200621,20200621_000
195,18.869497499999998,T,-10.0,5.518394648829432,34.0423583984375,7.324414715719063,25.4058837890625,,,,,20200621,20200621_000
18,5.2725025,T,-40.0,,,,,,,,,20200621,20200621_001
19,5.4935525,T,5.0,5.468227424749164,11.9171142578125,,,,,,,20200621,20200621_001
20,5.680462499999999,T,20.0,4.414715719063544,11.2457275390625,6.872909698996655,8.1024169921875,,,,,20200621,20200621_001
21,5.8520924999999995,T,-0.0,6.421404682274247,12.3291015625,,,,,,,20200621,20200621_001
22,6.037322499999999,T,40.0,3.7625418060200664,11.1541748046875,5.317725752508361,7.4310302734375,8.227424749163879,11.7645263671875,,,20200621,20200621_001
23,6.207532499999999,T,-20.0,,,,,,,,,20200621,20200621_001
24,6.347002499999999,T,-10.0,9.481605351170566,12.75634765625,,,,,,,20200621,20200621_001
25,6.5000525,T,10.0,5.117056856187291,11.8560791015625,,,,,,,20200621,20200621_001
26,6.653522499999999,T,30.0,4.063545150501672,10.9710693359375,6.521739130434782,9.7198486328125,,,,,20200621,20200621_001
27,6.815612499999999,T,-30.0,,,,,,,,,20200621,20200621_001
28,6.983662499999999,T,-5.0,7.4749163879598655,12.26806640625,,,,,,,20200621,20200621_001
32,7.7015625,T,-40.0,,,,,,,,,20200621,20200621_001
33,7.891512499999999,T,5.0,5.6187290969899655,12.0086669921875,,,,,,,20200621,20200621_001
34,8.076122499999999,T,20.0,4.5150501672240795,10.986328125,7.324414715719063,10.9405517578125,,,,,20200621,20200621_001
35,8.257092499999999,T,-0.0,6.57190635451505,11.8408203125,,,,,,,20200621,20200621_001
36,8.437362499999999,T,40.0,3.712374581939799,10.3912353515625,5.418060200668896,7.3089599609375,8.42809364548495,11.29150390625,,,20200621,20200621_001
37,8.6313725,T,-20.0,,,,,,,,,20200621,20200621_001
38,8.8118825,T,-10.0,10.735785953177256,11.77978515625,,,,,,,20200621,20200621_001
39,8.9958925,T,10.0,5.217391304347825,11.41357421875,,,,,,,20200621,20200621_001
40,9.1814225,T,30.0,4.063545150501672,10.55908203125,6.321070234113712,10.07080078125,,,,,20200621,20200621_001
41,9.369292499999998,T,-30.0,,,,,,,,,20200621,20200621_001
42,9.5751625,T,-5.0,7.525083612040133,12.39013671875,,,,,,,20200621,20200621_001
46,10.2554825,T,-40.0,,,,,,,,,20200621,20200621_001
47,10.421792499999999,T,5.0,5.668896321070234,10.68115234375,,,,,,,20200621,20200621_001
48,10.6117625,T,20.0,4.5150501672240795,9.613037109375,7.37458193979933,9.5977783203125,,,,,20200621,20200621_001
49,10.792652499999999,T,0.0,6.622073578595318,10.498046875,,,,,,,20200621,20200621_001
50,10.9812625,T,40.0,3.712374581939799,8.758544921875,5.518394648829432,7.14111328125,8.42809364548495,9.7503662109375,,,20200621,20200621_001
51,11.171052499999998,T,-20.0,,,,,,,,,20200621,20200621_001
52,11.369582499999998,T,-10.0,,,,,,,,,20200621,20200621_001
53,11.569492499999999,T,10.0,5.217391304347825,9.0484619140625,,,,,,,20200621,20200621_001
54,11.7563225,T,30.0,4.063545150501672,8.4686279296875,6.220735785953177,8.3465576171875,,,,,20200621,20200621_001
55,11.944752499999998,T,-30.0,,,,,,,,,20200621,20200621_001
56,12.135562499999999,T,-5.0,7.826086956521738,9.796142578125,,,,,,,20200621,20200621_001
60,12.9263625,T,-40.0,,,,,,,,,20200621,20200621_001
61,13.143212499999999,T,5.0,5.568561872909698,9.368896484375,,,,,,,20200621,20200621_001
62,13.349762499999999,T,20.0,4.464882943143812,8.7432861328125,7.37458193979933,9.0484619140625,,,,,20200621,20200621_001
63,13.5539525,T,-0.0,6.471571906354515,9.552001953125,,,,,,,20200621,20200621_001
64,13.756202499999999,T,40.0,3.712374581939799,7.9193115234375,5.668896321070234,7.62939453125,8.578595317725751,8.697509765625,,,20200621,20200621_001
65,13.958712499999999,T,-20.0,,,,,,,,,20200621,20200621_001
66,14.168782499999999,T,-10.0,,,,,,,,,20200621,20200621_001
67,14.364472499999998,T,10.0,5.2675585284280935,8.758544921875,,,,,,,20200621,20200621_001
68,14.613662499999998,T,30.0,4.013377926421405,5.9814453125,6.120401337792642,6.103515625,,,,,20200621,20200621_001
69,14.854272499999999,T,-30.0,,,,,,,,,20200621,20200621_001
70,15.047362499999998,T,-5.0,7.274247491638796,7.1563720703125,,,,,,,20200621,20200621_001
74,15.9219625,T,-40.0,,,,,,,,,20200621,20200621_001
75,16.1208925,T,5.0,5.769230769230768,5.8441162109375,,,,,,,20200621,20200621_001
76,16.3165625,T,20.0,4.464882943143812,5.157470703125,7.37458193979933,5.7220458984375,,,,,20200621,20200621_001
77,16.513872499999998,T,0.0,6.7224080267558515,5.8135986328125,,,,,,,20200621,20200621_001
78,16.7181625,T,40.0,3.6622073578595313,4.547119140625,5.6187290969899655,4.7607421875,8.729096989966555,5.7830810546875,,,20200621,20200621_001
79,16.9606525,T,-20.0,,,,,,,,,20200621,20200621_001
80,17.1812825,T,-10.0,10.284280936454849,6.1187744140625,,,,,,,20200621,20200621_001
81,17.3985725,T,10.0,5.2675585284280935,5.3253173828125,,,,,,,20200621,20200621_001
82,17.597602499999997,T,30.0,4.063545150501672,4.638671875,6.321070234113712,5.0201416015625,,,,,20200621,20200621_001
83,17.8532525,T,-30.0,,,,,,,,,20200621,20200621_001
84,18.0619625,T,-5.0,7.37458193979933,5.859375,,,,,,,20200621,20200621_001
88,18.9086625,T,-40.0,,,,,,,,,20200621,20200621_001
89,19.105652499999998,T,5.0,5.719063545150501,5.2947998046875,,,,,,,20200621,20200621_001
90,19.408782499999997,T,20.0,4.464882943143812,4.7454833984375,7.725752508361204,5.3253173828125,,,,,20200621,20200621_001
91,19.6134125,T,-0.0,6.521739130434782,5.6304931640625,,,,,,,20200621,20200621_001
92,19.8895825,T,40.0,3.712374581939799,4.058837890625,5.568561872909698,4.3487548828125,8.779264214046822,5.279541015625,,,20200621,20200621_001
112,15.223734999999998,T,40.0,3.260869565217391,11.65771484375,5.217391304347825,12.14599609375,,,,,20200621,20200621_002
114,15.504064999999999,T,-30.0,,,,,,,,,20200621,20200621_002
116,15.686874999999999,T,-40.0,,,,,,,,,20200621,20200621_002
118,15.876624999999999,T,-20.0,,,,,,,,,20200621,20200621_002
120,16.069415,T,-5.0,7.525083612040133,12.1307373046875,,,,,,,20200621,20200621_002
122,16.292465,T,10.0,4.916387959866221,11.3067626953125,,,,,,,20200621,20200621_002
124,16.502215,T,20.0,4.013377926421405,10.4522705078125,6.321070234113712,10.31494140625,,,,,20200621,20200621_002
126,16.708025,T,-0.0,5.919732441471572,11.962890625,,,,,,,20200621,20200621_002
128,16.925214999999998,T,30.0,3.5618729096989963,11.0321044921875,5.468227424749164,11.3677978515625,,,,,20200621,20200621_002
130,17.182564999999997,T,-10.0,,,,,,,,,20200621,20200621_002
132,17.392415,T,5.0,5.217391304347825,11.1236572265625,,,,,,,20200621,20200621_002
140,18.432914999999998,T,40.0,3.260869565217391,9.7808837890625,5.2675585284280935,9.2010498046875,,,,,20200621,20200621_002
142,18.660864999999998,T,-30.0,,,,,,,,,20200621,20200621_002
144,18.937634999999997,T,-40.0,,,,,,,,,20200621,20200621_002
146,19.160525,T,-20.0,,,,,,,,,20200621,20200621_002
148,19.369954999999997,T,-5.0,,,,,,,,,20200621,20200621_002
150,19.574865,T,10.0,4.816053511705685,9.521484375,,,,,,,20200621,20200621_002
152,19.805335,T,20.0,4.1638795986622075,9.490966796875,6.77257525083612,9.8114013671875,,,,,20200621,20200621_002
154,20.067024999999997,T,0.0,6.421404682274247,10.5133056640625,,,,,,,20200621,20200621_002
156,20.341314999999998,T,30.0,3.6622073578595313,9.5367431640625,5.769230769230768,9.9639892578125,,,,,20200621,20200621_002
158,20.594845,T,-10.0,,,,,,,,,20200621,20200621_002
160,20.868534999999998,T,5.0,5.367892976588628,9.5062255859375,,,,,,,20200621,20200621_002
168,21.740654999999997,T,40.0,3.311036789297659,9.368896484375,5.217391304347825,9.6435546875,,,,,20200621,20200621_002
170,21.911444999999997,T,-30.0,,,,,,,,,20200621,20200621_002
172,22.086615,T,-40.0,,,,,,,,,20200621,20200621_002
174,22.253545,T,-20.0,,,,,,,,,20200621,20200621_002
176,22.434414999999998,T,-5.0,7.675585284280936,11.41357421875,,,,,,,20200621,20200621_002
178,22.624605,T,10.0,4.966555183946488,9.9029541015625,,,,,,,20200621,20200621_002
180,22.828654999999998,T,20.0,4.1638795986622075,9.3994140625,6.57190635451505,9.1400146484375,,,,,20200621,20200621_002
182,23.029445,T,0.0,7.073578595317725,10.8489990234375,,,,,,,20200621,20200621_002
184,23.249975,T,30.0,3.712374581939799,9.9029541015625,5.8193979933110365,10.2386474609375,,,,,20200621,20200621_002
186,23.480945,T,-10.0,,,,,,,,,20200621,20200621_002
188,23.701714999999997,T,5.0,5.167224080267558,10.772705078125,,,,,,,20200621,20200621_002
196,24.658655,T,40.0,3.311036789297659,11.077880859375,5.217391304347825,11.2152099609375,,,,,20200621,20200621_002
198,24.981644999999997,T,-30.0,,,,,,,,,20200621,20200621_002
200,25.208254999999998,T,-40.0,,,,,,,,,20200621,20200621_002
202,25.500745,T,-20.0,,,,,,,,,20200621,20200621_002
204,25.703535,T,-5.0,7.224080267558528,12.1612548828125,,,,,,,20200621,20200621_002
206,25.966465,T,10.0,4.816053511705685,11.932373046875,,,,,,,20200621,20200621_002
208,26.235515,T,20.0,4.113712374581939,11.2457275390625,6.521739130434782,11.1541748046875,,,,,20200621,20200621_002
210,26.516184999999997,T,0.0,6.57190635451505,12.359619140625,,,,,,,20200621,20200621_002
212,26.808435,T,30.0,3.612040133779264,11.1846923828125,5.668896321070234,11.2152099609375,,,,,20200621,20200621_002
214,27.107264999999998,T,-10.0,,,,,,,,,20200621,20200621_002
216,27.390714999999997,T,5.0,5.418060200668896,11.8560791015625,,,,,,,20200621,20200621_002
224,28.542514999999998,T,40.0,3.260869565217391,11.260986328125,5.117056856187291,11.3372802734375,,,,,20200621,20200621_002
226,28.831324999999996,T,-30.0,,,,,,,,,20200621,20200621_002
228,29.122414999999997,T,-40.0,,,,,,,,,20200621,20200621_002
230,29.404304999999997,T,-20.0,,,,,,,,,20200621,20200621_002
232,29.683414999999997,T,-5.0,7.4749163879598655,11.6119384765625,,,,,,,20200621,20200621_002
234,29.971964999999997,T,10.0,4.7157190635451505,10.80322265625,,,,,,,20200621,20200621_002
236,30.171335,T,20.0,4.113712374581939,11.16943359375,6.3712374581939795,11.2152099609375,,,,,20200621,20200621_002
238,30.348204999999997,T,-0.0,6.521739130434782,12.237548828125,,,,,,,20200621,20200621_002
240,30.542135,T,30.0,3.612040133779264,11.688232421875,5.769230769230768,11.688232421875,,,,,20200621,20200621_002
242,30.748704999999998,T,-10.0,,,,,,,,,20200621,20200621_002
244,30.958214999999996,T,5.0,5.8193979933110365,13.5498046875,,,,,,,20200621,20200621_002
252,31.901714999999996,T,40.0,3.260869565217391,12.87841796875,5.217391304347825,12.02392578125,,,,,20200621,20200621_002
254,32.180045,T,-30.0,,,,,,,,,20200621,20200621_002
256,32.425914999999996,T,-40.0,,,,,,,,,20200621,20200621_002
258,32.701004999999995,T,-20.0,,,,,,,,,20200621,20200621_002
260,32.994915,T,-5.0,7.775919732441471,14.6636962890625,,,,,,,20200621,20200621_002
262,33.232205,T,10.0,4.765886287625418,13.8702392578125,,,,,,,20200621,20200621_002
264,33.479535,T,20.0,4.113712374581939,13.7481689453125,6.521739130434782,13.763427734375,,,,,20200621,20200621_002
266,33.759805,T,0.0,6.57190635451505,14.434814453125,,,,,,,20200621,20200621_002
268,34.020554999999995,T,30.0,3.6622073578595313,14.312744140625,5.668896321070234,14.6331787109375,,,,,20200621,20200621_002
270,34.288824999999996,T,-10.0,,,,,,,,,20200621,20200621_002
272,34.566815,T,5.0,5.418060200668896,14.251708984375,,,,,,,20200621,20200621_002
280,35.680515,T,40.0,3.260869565217391,13.4429931640625,5.217391304347825,13.48876953125,,,,,20200621,20200621_002
282,35.954344999999996,T,-30.0,,,,,,,,,20200621,20200621_002
284,36.127934999999994,T,-40.0,,,,,,,,,20200621,20200621_002
286,36.269324999999995,T,-20.0,,,,,,,,,20200621,20200621_002
288,36.439175,T,-5.0,9.030100334448159,14.0380859375,,,,,,,20200621,20200621_002
290,36.630205,T,10.0,4.966555183946488,13.5345458984375,,,,,,,20200621,20200621_002
292,36.823474999999995,T,20.0,4.113712374581939,12.9547119140625,6.57190635451505,13.3514404296875,,,,,20200621,20200621_002
294,37.061904999999996,T,-0.0,6.120401337792642,13.824462890625,,,,,,,20200621,20200621_002
296,37.285214999999994,T,30.0,3.612040133779264,12.908935546875,5.6187290969899655,12.8173828125,,,,,20200621,20200621_002
298,37.564524999999996,T,-10.0,,,,,,,,,20200621,20200621_002
300,37.828754999999994,T,5.0,5.568561872909698,13.458251953125,,,,,,,20200621,20200621_002
308,38.911415,T,40.0,3.311036789297659,12.6190185546875,5.167224080267558,12.8021240234375,,,,,20200621,20200621_002
310,39.207924999999996,T,-30.0,,,,,,,,,20200621,20200621_002
312,39.462815,T,-40.0,,,,,,,,,20200621,20200621_002
314,39.73296499999999,T,-20.0,,,,,,,,,20200621,20200621_002
316,40.006415,T,-5.0,7.324414715719063,13.2904052734375,,,,,,,20200621,20200621_002
318,40.336304999999996,T,10.0,4.765886287625418,12.451171875,,,,,,,20200621,20200621_002
320,40.65271499999999,T,20.0,4.113712374581939,12.20703125,6.521739130434782,12.6495361328125,,,,,20200621,20200621_002
322,40.941745,T,0.0,7.123745819397993,12.664794921875,,,,,,,20200621,20200621_002
324,41.257814999999994,T,30.0,3.612040133779264,11.8408203125,5.719063545150501,11.7340087890625,,,,,20200621,20200621_002
326,41.553644999999996,T,-10.0,,,,,,,,,20200621,20200621_002
328,41.833355,T,5.0,5.568561872909698,12.6190185546875,,,,,,,20200621,20200621_002
336,42.940335,T,40.0,3.311036789297659,11.65771484375,5.317725752508361,11.444091796875,,,,,20200621,20200621_002
338,43.239625,T,-30.0,,,,,,,,,20200621,20200621_002
340,43.480315,T,-40.0,,,,,,,,,20200621,20200621_002
342,43.694365,T,-20.0,,,,,,,,,20200621,20200621_002
344,43.896454999999996,T,-5.0,7.123745819397993,12.3748779296875,,,,,,,20200621,20200621_002
346,44.128744999999995,T,10.0,4.916387959866221,11.749267578125,,,,,,,20200621,20200621_002
348,44.442874999999994,T,20.0,4.1638795986622075,11.444091796875,6.672240802675585,11.688232421875,,,,,20200621,20200621_002
350,44.69130499999999,T,0.0,6.471571906354515,12.0391845703125,,,,,,,20200621,20200621_002
352,44.919115,T,30.0,3.6622073578595313,11.3067626953125,5.8193979933110365,11.444091796875,,,,,20200621,20200621_002
354,45.144104999999996,T,-10.0,,,,,,,,,20200621,20200621_002
356,45.337875,T,5.0,5.518394648829432,12.14599609375,,,,,,,20200621,20200621_002
364,46.211515,T,40.0,3.311036789297659,11.199951171875,5.217391304347825,10.650634765625,,,,,20200621,20200621_002
366,46.424425,T,-30.0,,,,,,,,,20200621,20200621_002
368,46.698314999999994,T,-40.0,,,,,,,,,20200621,20200621_002
370,46.985845,T,-20.0,,,,,,,,,20200621,20200621_002
372,47.20301499999999,T,-5.0,,,,,,,,,20200621,20200621_002
374,47.456044999999996,T,10.0,4.966555183946488,11.5509033203125,,,,,,,20200621,20200621_002
376,47.711574999999996,T,20.0,4.1638795986622075,11.077880859375,6.7224080267558515,11.474609375,,,,,20200621,20200621_002
378,47.960944999999995,T,0.0,6.97324414715719,11.9476318359375,,,,,,,20200621,20200621_002
380,48.267914999999995,T,30.0,3.612040133779264,10.772705078125,5.769230769230768,10.8795166015625,,,,,20200621,20200621_002
382,48.563464999999994,T,-10.0,,,,,,,,,20200621,20200621_002
384,48.841615,T,5.0,5.568561872909698,12.481689453125,,,,,,,20200621,20200621_002
392,49.990815,T,40.0,3.260869565217391,11.1846923828125,5.167224080267558,10.833740234375,,,,,20200621,20200621_002
394,50.29470499999999,T,-30.0,,,,,,,,,20200621,20200621_002
396,50.54275499999999,T,-40.0,,,,,,,,,20200621,20200621_002
398,50.84820499999999,T,-20.0,,,,,,,,,20200621,20200621_002
400,51.131615,T,-5.0,7.725752508361204,12.1307373046875,,,,,,,20200621,20200621_002
402,51.446704999999994,T,10.0,4.765886287625418,11.1236572265625,,,,,,,20200621,20200621_002
404,51.732175,T,20.0,4.113712374581939,10.80322265625,6.57190635451505,11.0321044921875,,,,,20200621,20200621_002
406,52.018984999999994,T,0.0,6.521739130434782,11.566162109375,,,,,,,20200621,20200621_002
408,52.303974999999994,T,30.0,3.6622073578595313,10.6048583984375,5.719063545150501,10.2996826171875,,,,,20200621,20200621_002
410,52.599045,T,-10.0,,,,,,,,,20200621,20200621_002
412,52.909335,T,5.0,5.668896321070234,11.2152099609375,,,,,,,20200621,20200621_002
421,54.042215,T,40.0,3.311036789297659,10.25390625,5.2675585284280935,10.31494140625,,,,,20200621,20200621_002
51,7.136257499999999,T,-5.0,5.367892976588628,12.75634765625,,,,,,,20200621,20200621_005
53,7.396107499999999,T,5.0,4.665551839464882,13.763427734375,6.622073578595318,8.514404296875,,,,,20200621,20200621_005
55,7.674317499999999,T,30.0,3.612040133779264,12.8326416015625,5.367892976588628,7.2174072265625,,,,,20200621,20200621_005
57,7.978507499999999,T,20.0,3.9632107023411365,13.2598876953125,5.769230769230768,7.8277587890625,,,,,20200621,20200621_005
59,8.205817499999998,T,-30.0,,,,,,,,,20200621,20200621_005
61,8.343047499999999,T,-20.0,9.983277591973243,13.4124755859375,,,,,,,20200621,20200621_005
63,8.4531175,T,0.0,5.217391304347825,13.763427734375,7.725752508361204,9.21630859375,,,,,20200621,20200621_005
65,8.577907499999998,T,-10.0,6.270903010033444,13.3209228515625,,,,,,,20200621,20200621_005
67,8.713417499999998,T,-40.0,,,,,,,,,20200621,20200621_005
69,8.825407499999999,T,10.0,4.414715719063544,14.312744140625,6.270903010033444,8.8653564453125,,,,,20200621,20200621_005
71,8.955197499999999,T,40.0,3.4615384615384612,13.885498046875,5.217391304347825,8.30078125,,,,,20200621,20200621_005
79,9.625717499999999,T,-5.0,5.668896321070234,13.885498046875,,,,,,,20200621,20200621_005
81,9.841507499999999,T,5.0,4.7157190635451505,14.4500732421875,6.672240802675585,9.1705322265625,,,,,20200621,20200621_005
83,10.0676975,T,30.0,3.712374581939799,13.519287109375,5.468227424749164,8.0108642578125,,,,,20200621,20200621_005
85,10.3055075,T,20.0,4.013377926421405,13.4124755859375,5.8193979933110365,8.026123046875,,,,,20200621,20200621_005
87,10.554817499999999,T,-30.0,,,,,,,,,20200621,20200621_005
89,10.8125275,T,-20.0,10.234113712374581,12.75634765625,,,,,,,20200621,20200621_005
91,11.0903975,T,-0.0,5.117056856187291,12.359619140625,7.37458193979933,8.1024169921875,,,,,20200621,20200621_005
93,11.3428475,T,-10.0,6.070234113712375,11.566162109375,,,,,,,20200621,20200621_005
95,11.625237499999999,T,-40.0,,,,,,,,,20200621,20200621_005
97,11.8914075,T,10.0,4.364548494983278,11.5814208984375,6.270903010033444,7.110595703125,,,,,20200621,20200621_005
99,12.1880975,T,40.0,3.4615384615384612,10.9100341796875,5.217391304347825,6.195068359375,,,,,20200621,20200621_005
107,13.303097499999998,T,-5.0,5.6187290969899655,11.077880859375,,,,,,,20200621,20200621_005
109,13.551147499999999,T,5.0,4.765886287625418,11.5814208984375,6.77257525083612,7.38525390625,,,,,20200621,20200621_005
111,13.8526175,T,30.0,3.6622073578595313,10.772705078125,5.468227424749164,6.40869140625,,,,,20200621,20200621_005
113,14.151447499999998,T,20.0,4.013377926421405,10.589599609375,5.8193979933110365,6.4849853515625,,,,,20200621,20200621_005
115,14.4659775,T,-30.0,,,,,,,,,20200621,20200621_005
117,14.637547499999998,T,-20.0,8.42809364548495,9.9945068359375,,,,,,,20200621,20200621_005
119,14.8170975,T,0.0,5.167224080267558,9.9639892578125,7.525083612040133,6.8359375,,,,,20200621,20200621_005
121,15.032667499999999,T,-10.0,6.321070234113712,10.101318359375,,,,,,,20200621,20200621_005
123,15.2969575,T,-40.0,,,,,,,,,20200621,20200621_005
125,15.596347499999998,T,10.0,4.464882943143812,9.6893310546875,6.321070234113712,5.9967041015625,,,,,20200621,20200621_005
127,15.899497499999999,T,40.0,3.4615384615384612,9.2926025390625,5.217391304347825,5.340576171875,,,,,20200621,20200621_005
135,17.0387375,T,-5.0,5.668896321070234,9.1094970703125,,,,,,,20200621,20200621_005
137,17.3185075,T,5.0,4.7157190635451505,9.185791015625,6.672240802675585,5.9967041015625,,,,,20200621,20200621_005
139,17.5917575,T,30.0,3.6622073578595313,9.002685546875,5.418060200668896,5.4168701171875,,,,,20200621,20200621_005
141,17.886507499999997,T,20.0,4.013377926421405,8.087158203125,5.8193979933110365,5.0048828125,,,,,20200621,20200621_005
143,18.2325575,T,-30.0,,,,,,,,,20200621,20200621_005
145,18.4399475,T,-20.0,8.879598662207357,7.598876953125,,,,,,,20200621,20200621_005
147,18.645617499999997,T,0.0,5.117056856187291,8.0413818359375,7.525083612040133,5.950927734375,,,,,20200621,20200621_005
149,18.863047499999997,T,-10.0,6.321070234113712,7.0343017578125,,,,,,,20200621,20200621_005
151,19.140617499999998,T,-40.0,,,,,,,,,20200621,20200621_005
153,19.426947499999997,T,10.0,4.464882943143812,8.4381103515625,6.321070234113712,5.37109375,,,,,20200621,20200621_005
155,19.7016775,T,40.0,3.4113712374581935,8.209228515625,5.167224080267558,4.791259765625,,,,,20200621,20200621_005
163,21.011757499999998,T,-5.0,5.6187290969899655,8.2855224609375,,,,,,,20200621,20200621_005
165,21.3498475,T,5.0,4.765886287625418,8.85009765625,6.77257525083612,5.645751953125,,,,,20200621,20200621_005
167,21.681157499999998,T,30.0,3.6622073578595313,8.4381103515625,5.418060200668896,5.157470703125,,,,,20200621,20200621_005
169,22.039847499999997,T,20.0,4.013377926421405,8.2550048828125,5.769230769230768,5.2032470703125,,,,,20200621,20200621_005
171,22.382197499999997,T,-30.0,,,,,,,,,20200621,20200621_005
173,22.7347075,T,-20.0,8.779264214046822,7.4310302734375,,,,,,,20200621,20200621_005
175,23.068297499999996,T,-0.0,5.117056856187291,7.568359375,7.424749163879598,5.4473876953125,,,,,20200621,20200621_005
177,23.429407499999996,T,-10.0,6.120401337792642,6.6986083984375,,,,,,,20200621,20200621_005
179,23.7578975,T,-40.0,,,,,,,,,20200621,20200621_005
181,24.151307499999998,T,10.0,4.364548494983278,8.0413818359375,6.220735785953177,5.340576171875,,,,,20200621,20200621_005
183,24.510097499999997,T,40.0,3.4615384615384612,7.8582763671875,5.217391304347825,4.638671875,,,,,20200621,20200621_005
191,25.753217499999998,T,-5.0,5.6187290969899655,7.7362060546875,,,,,,,20200621,20200621_005
193,26.0857675,T,5.0,4.7157190635451505,9.185791015625,6.7224080267558515,6.0882568359375,,,,,20200621,20200621_005
195,26.443557499999997,T,30.0,3.612040133779264,9.1400146484375,5.418060200668896,5.67626953125,,,,,20200621,20200621_005
197,26.807367499999998,T,20.0,4.013377926421405,9.27734375,5.719063545150501,6.103515625,,,,,20200621,20200621_005
199,27.1522175,T,-30.0,,,,,,,,,20200621,20200621_005
201,27.3581075,T,-20.0,9.782608695652172,9.58251953125,,,,,,,20200621,20200621_005
203,27.6143975,T,0.0,5.117056856187291,8.514404296875,7.324414715719063,6.011962890625,,,,,20200621,20200621_005
205,27.957607499999998,T,-10.0,6.1705685618729085,7.0037841796875,,,,,,,20200621,20200621_005
207,28.301037499999996,T,-40.0,,,,,,,,,20200621,20200621_005
209,28.619327499999997,T,10.0,4.364548494983278,7.7056884765625,6.270903010033444,5.1116943359375,,,,,20200621,20200621_005
211,28.979817499999996,T,40.0,3.4615384615384612,7.843017578125,5.167224080267558,4.8065185546875,,,,,20200621,20200621_005
219,30.415857499999998,T,-5.0,5.568561872909698,7.2021484375,,,,,,,20200621,20200621_005
221,30.796147499999996,T,5.0,4.765886287625418,8.2855224609375,6.7224080267558515,5.5389404296875,,,,,20200621,20200621_005
223,31.124597499999997,T,30.0,3.712374581939799,8.636474609375,5.518394648829432,5.4779052734375,,,,,20200621,20200621_005
225,31.474047499999998,T,20.0,4.113712374581939,9.033203125,5.919732441471572,5.7525634765625,,,,,20200621,20200621_005
227,31.812817499999998,T,-30.0,,,,,,,,,20200621,20200621_005
229,32.1568475,T,-20.0,8.528428093645484,7.7362060546875,,,,,,,20200621,20200621_005
38,6.720685,T,-30.0,,,,,,,,,20200621,20200621_006
40,7.023334999999999,T,0.0,6.822742474916387,34.5306396484375,,,,,,,20200621,20200621_006
42,7.3181449999999995,T,5.0,6.020066889632107,34.2864990234375,,,,,,,20200621,20200621_006
44,7.618174999999999,T,-10.0,7.675585284280936,6.134033203125,,,,,,,20200621,20200621_006
46,7.8913649999999995,T,-5.0,6.97324414715719,5.4779052734375,,,,,,,20200621,20200621_006
48,8.195495,T,-40.0,,,,,,,,,20200621,20200621_006
50,8.506945,T,10.0,5.518394648829432,33.7371826171875,,,,,,,20200621,20200621_006
52,8.792174999999999,T,-20.0,9.481605351170566,4.3487548828125,,,,,,,20200621,20200621_006
54,9.075685,T,40.0,3.913043478260869,32.012939453125,6.270903010033444,19.1802978515625,,,,,20200621,20200621_006
56,9.379135,T,20.0,4.866220735785953,32.9437255859375,,,,,,,20200621,20200621_006
58,9.686964999999999,T,30.0,4.264214046822742,31.8603515625,7.525083612040133,19.3328857421875,,,,,20200621,20200621_006
66,10.310205,T,-30.0,,,,,,,,,20200621,20200621_006
68,10.510634999999999,T,0.0,6.622073578595318,31.280517578125,,,,,,,20200621,20200621_006
70,10.731245,T,5.0,6.070234113712375,31.524658203125,,,,,,,20200621,20200621_006
72,10.999455,T,-10.0,8.177257525083611,30.6396484375,,,,,,,20200621,20200621_006
74,11.318444999999999,T,-5.0,6.97324414715719,30.5633544921875,,,,,,,20200621,20200621_006
76,11.586974999999999,T,-40.0,,,,,,,,,20200621,20200621_006
78,11.908285,T,10.0,5.418060200668896,30.4718017578125,,,,,,,20200621,20200621_006
80,12.196874999999999,T,-20.0,9.381270903010032,4.669189453125,,,,,,,20200621,20200621_006
82,12.547344999999998,T,40.0,3.812709030100334,28.4271240234375,6.020066889632107,17.6849365234375,,,,,20200621,20200621_006
84,12.900134999999999,T,20.0,4.765886287625418,28.8848876953125,,,,,,,20200621,20200621_006
86,13.212924999999998,T,30.0,4.31438127090301,27.801513671875,,,,,,,20200621,20200621_006
94,14.473844999999999,T,-30.0,,,,,,,,,20200621,20200621_006
96,14.781654999999999,T,0.0,6.270903010033444,26.336669921875,,,,,,,20200621,20200621_006
98,15.101124999999998,T,5.0,5.8193979933110365,26.85546875,,,,,,,20200621,20200621_006
100,15.429134999999999,T,-10.0,7.575250836120401,25.1617431640625,,,,,,,20200621,20200621_006
102,15.746284999999999,T,-5.0,6.822742474916387,25.08544921875,,,,,,,20200621,20200621_006
104,16.070375,T,-40.0,,,,,,,,,20200621,20200621_006
106,16.398125,T,10.0,5.317725752508361,25.5889892578125,,,,,,,20200621,20200621_006
108,16.700495,T,-20.0,,,,,,,,,20200621,20200621_006
110,17.044825,T,40.0,3.862876254180602,23.834228515625,6.070234113712375,14.3890380859375,,,,,20200621,20200621_006
112,17.402735,T,20.0,4.765886287625418,24.566650390625,,,,,,,20200621,20200621_006
114,17.729844999999997,T,30.0,4.364548494983278,23.2696533203125,8.02675585284281,13.397216796875,,,,,20200621,20200621_006
122,19.153325,T,-30.0,,,,,,,,,20200621,20200621_006
124,19.451935,T,0.0,6.1705685618729085,22.552490234375,,,,,,,20200621,20200621_006
126,19.802284999999998,T,5.0,5.719063545150501,22.5830078125,,,,,,,20200621,20200621_006
128,20.153335,T,-10.0,7.4749163879598655,20.7672119140625,,,,,,,20200621,20200621_006
130,20.495044999999998,T,-5.0,6.672240802675585,21.3775634765625,,,,,,,20200621,20200621_006
132,20.773335,T,-40.0,,,,,,,,,20200621,20200621_006
134,21.087045,T,10.0,5.367892976588628,21.1639404296875,,,,,,,20200621,20200621_006
136,21.405175,T,-20.0,,,,,,,,,20200621,20200621_006
138,21.754264999999997,T,40.0,3.862876254180602,19.8516845703125,6.120401337792642,11.7950439453125,,,,,20200621,20200621_006
140,22.079774999999998,T,20.0,4.765886287625418,20.7977294921875,,,,,,,20200621,20200621_006
142,22.411624999999997,T,30.0,4.364548494983278,20.08056640625,,,,,,,20200621,20200621_006
150,23.762024999999998,T,-30.0,,,,,,,,,20200621,20200621_006
152,24.103354999999997,T,0.0,6.120401337792642,17.791748046875,,,,,,,20200621,20200621_006
154,24.417965,T,5.0,5.668896321070234,18.2342529296875,,,,,,,20200621,20200621_006
156,24.739774999999998,T,-10.0,7.37458193979933,16.448974609375,,,,,,,20200621,20200621_006
158,25.090545,T,-5.0,6.57190635451505,16.387939453125,,,,,,,20200621,20200621_006
160,25.449534999999997,T,-40.0,,,,,,,,,20200621,20200621_006
162,25.824685,T,10.0,5.2675585284280935,16.845703125,,,,,,,20200621,20200621_006
164,26.150674999999996,T,-20.0,9.280936454849499,13.18359375,,,,,,,20200621,20200621_006
166,26.499325,T,40.0,3.9632107023411365,15.5181884765625,6.220735785953177,8.7890625,,,,,20200621,20200621_006
168,26.873794999999998,T,20.0,4.7157190635451505,15.9912109375,,,,,,,20200621,20200621_006
170,27.255484999999997,T,30.0,4.364548494983278,15.3961181640625,8.729096989966555,9.2315673828125,,,,,20200621,20200621_006
178,28.770144999999996,T,-30.0,,,,,,,,,20200621,20200621_006
131,21.872282499999997,T,-10.0,6.57190635451505,8.2855224609375,,,,,,,20200621,20200621_008
133,22.244852499999997,T,5.0,4.665551839464882,7.62939453125,,,,,,,20200621,20200621_008
135,22.6264425,T,-5.0,5.668896321070234,8.087158203125,,,,,,,20200621,20200621_008
137,22.999712499999998,T,-40.0,,,,,,,,,20200621,20200621_008
139,23.3586425,T,40.0,3.160535117056856,7.26318359375,4.765886287625418,6.7901611328125,7.575250836120401,7.9803466796875,,,20200621,20200621_008
141,23.716392499999998,T,-30.0,,,,,,,,,20200621,20200621_008
143,24.0787825,T,20.0,3.862876254180602,7.38525390625,5.8193979933110365,7.38525390625,,,,,20200621,20200621_008
145,24.372952499999997,T,0.0,5.0668896321070225,7.8887939453125,,,,,,,20200621,20200621_008
147,24.688902499999998,T,10.0,4.364548494983278,7.3699951171875,7.023411371237458,7.8277587890625,,,,,20200621,20200621_008
149,24.9877525,T,-20.0,,,,,,,,,20200621,20200621_008
151,25.3230625,T,30.0,3.3612040133779257,6.9732666015625,5.117056856187291,6.7138671875,8.879598662207357,8.2855224609375,,,20200621,20200621_008
159,26.627742499999997,T,-10.0,6.672240802675585,7.8125,,,,,,,20200621,20200621_008
161,26.943812499999996,T,5.0,4.665551839464882,7.1258544921875,,,,,,,20200621,20200621_008
163,27.289342499999997,T,-5.0,5.719063545150501,7.4462890625,,,,,,,20200621,20200621_008
165,27.627552499999997,T,-40.0,,,,,,,,,20200621,20200621_008
167,28.000122499999996,T,40.0,3.1103678929765883,6.7291259765625,4.765886287625418,6.500244140625,7.725752508361204,7.6751708984375,,,20200621,20200621_008
169,28.3300925,T,-30.0,,,,,,,,,20200621,20200621_008
171,28.6510425,T,20.0,3.812709030100334,6.866455078125,5.719063545150501,7.080078125,,,,,20200621,20200621_008
173,28.961712499999997,T,0.0,5.117056856187291,7.50732421875,,,,,,,20200621,20200621_008
175,29.267182499999997,T,10.0,4.31438127090301,7.1868896484375,6.872909698996655,7.8582763671875,,,,,20200621,20200621_008
177,29.5955925,T,-20.0,,,,,,,,,20200621,20200621_008
179,29.931942499999998,T,30.0,3.4113712374581935,6.8206787109375,5.217391304347825,6.866455078125,,,,,20200621,20200621_008
187,31.2527825,T,-10.0,7.123745819397993,8.1634521484375,,,,,,,20200621,20200621_008
189,31.6008525,T,5.0,4.765886287625418,7.4005126953125,,,,,,,20200621,20200621_008
191,31.920242499999997,T,-5.0,6.321070234113712,7.9498291015625,,,,,,,20200621,20200621_008
193,32.2471525,T,-40.0,,,,,,,,,20200621,20200621_008
195,32.574682499999994,T,40.0,3.1103678929765883,6.561279296875,4.816053511705685,6.7138671875,7.826086956521738,7.8582763671875,,,20200621,20200621_008
197,32.9417525,T,-30.0,,,,,,,,,20200621,20200621_008
199,33.2526425,T,20.0,3.862876254180602,6.7291259765625,5.919732441471572,7.4310302734375,,,,,20200621,20200621_008
201,33.590712499999995,T,0.0,5.167224080267558,7.354736328125,,,,,,,20200621,20200621_008
203,33.9152625,T,10.0,4.31438127090301,7.171630859375,6.822742474916387,7.8887939453125,,,,,20200621,20200621_008
205,34.2446725,T,-20.0,,,,,,,,,20200621,20200621_008
207,34.5393425,T,30.0,3.4113712374581935,6.7901611328125,5.167224080267558,7.0648193359375,,,,,20200621,20200621_008
215,35.8228425,T,-10.0,6.7224080267558515,7.9498291015625,,,,,,,20200621,20200621_008
217,36.1786925,T,5.0,4.665551839464882,7.415771484375,9.030100334448159,8.7432861328125,,,,,20200621,20200621_008
219,36.485862499999996,T,-5.0,6.020066889632107,8.087158203125,,,,,,,20200621,20200621_008
221,36.8388925,T,-40.0,,,,,,,,,20200621,20200621_008
223,37.1691425,T,40.0,3.160535117056856,7.080078125,4.866220735785953,7.4462890625,8.177257525083611,8.5906982421875,,,20200621,20200621_008
225,37.5421925,T,-30.0,,,,,,,,,20200621,20200621_008
227,37.9125825,T,20.0,3.913043478260869,7.110595703125,6.020066889632107,8.026123046875,,,,,20200621,20200621_008
229,38.270552499999994,T,0.0,5.317725752508361,8.026123046875,,,,,,,20200621,20200621_008
231,38.6256425,T,10.0,4.364548494983278,7.659912109375,7.073578595317725,8.697509765625,,,,,20200621,20200621_008
233,38.9825525,T,-20.0,,,,,,,,,20200621,20200621_008
235,39.3491825,T,30.0,3.4113712374581935,7.38525390625,5.2675585284280935,7.99560546875,,,,,20200621,20200621_008
243,40.9007825,T,-10.0,7.274247491638796,8.7738037109375,,,,,,,20200621,20200621_008
245,41.274292499999994,T,5.0,4.916387959866221,8.056640625,,,,,,,20200621,20200621_008
247,41.598862499999996,T,-5.0,5.869565217391304,8.514404296875,,,,,,,20200621,20200621_008
249,41.9482125,T,-40.0,,,,,,,,,20200621,20200621_008
251,42.197202499999996,T,40.0,3.1103678929765883,7.5531005859375,4.765886287625418,8.1024169921875,7.775919732441471,9.1705322265625,,,20200621,20200621_008
253,42.322672499999996,T,-30.0,,,,,,,,,20200621,20200621_008
255,42.42006249999999,T,20.0,3.9632107023411365,7.75146484375,5.919732441471572,8.697509765625,,,,,20200621,20200621_008
257,42.5489725,T,0.0,5.468227424749164,8.6212158203125,,,,,,,20200621,20200621_008
259,42.8270425,T,10.0,4.464882943143812,7.9498291015625,7.073578595317725,9.124755859375,,,,,20200621,20200621_008
261,43.18705249999999,T,-20.0,,,,,,,,,20200621,20200621_008
263,43.546902499999995,T,30.0,3.4113712374581935,7.537841796875,5.217391304347825,8.1787109375,,,,,20200621,20200621_008
271,45.022682499999995,T,-10.0,6.872909698996655,8.9874267578125,,,,,,,20200621,20200621_008
273,45.377152499999994,T,5.0,4.7157190635451505,8.2855224609375,,,,,,,20200621,20200621_008
275,45.6982425,T,-5.0,5.869565217391304,8.6212158203125,,,,,,,20200621,20200621_008
277,46.019592499999995,T,-40.0,,,,,,,,,20200621,20200621_008
279,46.380622499999994,T,40.0,3.1103678929765883,7.3699951171875,4.816053511705685,8.11767578125,7.826086956521738,9.27734375,,,20200621,20200621_008
281,46.6651725,T,-30.0,,,,,,,,,20200621,20200621_008
283,46.93378249999999,T,20.0,3.812709030100334,7.4310302734375,5.919732441471572,8.575439453125,,,,,20200621,20200621_008
285,47.2582725,T,0.0,5.2675585284280935,7.9803466796875,,,,,,,20200621,20200621_008
287,47.5777825,T,10.0,4.464882943143812,7.5836181640625,7.073578595317725,8.97216796875,,,,,20200621,20200621_008
289,47.890792499999996,T,-20.0,,,,,,,,,20200621,20200621_008
291,48.2076425,T,30.0,3.4113712374581935,7.232666015625,5.2675585284280935,7.8582763671875,,,,,20200621,20200621_008
299,49.6530625,T,-10.0,6.471571906354515,8.36181640625,,,,,,,20200621,20200621_008
301,50.0097525,T,5.0,4.665551839464882,7.8582763671875,,,,,,,20200621,20200621_008
303,50.36264249999999,T,-5.0,6.070234113712375,8.392333984375,,,,,,,20200621,20200621_008
305,50.74749249999999,T,-40.0,,,,,,,,,20200621,20200621_008
307,51.11284249999999,T,40.0,3.1103678929765883,7.0953369140625,4.816053511705685,7.8887939453125,7.976588628762542,8.941650390625,,,20200621,20200621_008
309,51.479592499999995,T,-30.0,,,,,,,,,20200621,20200621_008
311,51.83806249999999,T,20.0,3.812709030100334,7.3394775390625,5.869565217391304,8.4075927734375,,,,,20200621,20200621_008
313,52.1803525,T,-0.0,5.167224080267558,7.7972412109375,,,,,,,20200621,20200621_008
315,52.516682499999995,T,10.0,4.414715719063544,7.6904296875,7.023411371237458,8.9874267578125,,,,,20200621,20200621_008
317,52.887852499999994,T,-20.0,,,,,,,,,20200621,20200621_008
319,53.27086249999999,T,30.0,3.4113712374581935,7.2784423828125,5.2675585284280935,8.209228515625,,,,,20200621,20200621_008
327,54.75414249999999,T,-10.0,6.7224080267558515,11.9476318359375,,,,,,,20200621,20200621_008
329,55.122072499999994,T,5.0,4.7157190635451505,11.260986328125,,,,,,,20200621,20200621_008
331,55.494162499999995,T,-5.0,5.719063545150501,11.8865966796875,,,,,,,20200621,20200621_008
333,55.862112499999995,T,-40.0,,,,,,,,,20200621,20200621_008
335,56.282422499999996,T,40.0,3.160535117056856,10.8795166015625,4.916387959866221,9.674072265625,7.725752508361204,5.67626953125,,,20200621,20200621_008
60,10.1720625,T,20.0,2.959866220735786,16.2506103515625,4.264214046822742,16.265869140625,5.919732441471572,11.2457275390625,,,20200621,20200621_009
62,10.483732499999999,T,-10.0,4.464882943143812,17.15087890625,6.220735785953177,16.2506103515625,,,,,20200621,20200621_009
64,10.8420025,T,10.0,3.311036789297659,16.632080078125,4.565217391304348,16.387939453125,6.672240802675585,11.8560791015625,,,20200621,20200621_009
66,11.144072499999998,T,-20.0,6.57190635451505,16.9525146484375,,,,,,,20200621,20200621_009
68,11.4534025,T,30.0,2.759197324414716,15.716552734375,4.063545150501672,15.7318115234375,5.719063545150501,11.2762451171875,,,20200621,20200621_009
70,11.7920725,T,-40.0,,,,,,,,,20200621,20200621_009
72,12.1190225,T,5.0,3.4615384615384612,15.8538818359375,4.866220735785953,15.2740478515625,,,,,20200621,20200621_009
74,12.440372499999999,T,0.0,3.812709030100334,15.9912109375,5.167224080267558,15.5029296875,,,,,20200621,20200621_009
76,12.731162499999998,T,-30.0,6.070234113712375,0.9765625,,,,,,,20200621,20200621_009
78,13.0369725,T,40.0,2.6588628762541804,14.83154296875,3.862876254180602,14.6331787109375,5.568561872909698,10.5133056640625,,,20200621,20200621_009
80,13.364962499999999,T,-5.0,4.063545150501672,15.716552734375,5.518394648829432,15.228271484375,,,,,20200621,20200621_009
88,14.6262625,T,20.0,2.959866220735786,15.44189453125,4.264214046822742,15.380859375,5.919732441471572,11.0321044921875,,,20200621,20200621_009
90,14.921272499999999,T,-10.0,4.615384615384615,16.66259765625,6.421404682274247,15.0299072265625,,,,,20200621,20200621_009
92,15.264362499999999,T,10.0,3.311036789297659,15.625,4.615384615384615,15.4266357421875,6.57190635451505,10.92529296875,,,20200621,20200621_009
94,15.550172499999999,T,-20.0,6.421404682274247,16.387939453125,,,,,,,20200621,20200621_009
96,15.830062499999999,T,30.0,2.8093645484949827,15.13671875,4.013377926421405,14.9383544921875,5.719063545150501,10.986328125,,,20200621,20200621_009
98,16.0953725,T,-40.0,,,,,,,,,20200621,20200621_009
100,16.3850825,T,5.0,3.511705685618729,15.7012939453125,4.866220735785953,15.2587890625,,,,,20200621,20200621_009
102,16.679972499999998,T,0.0,3.812709030100334,16.021728515625,5.217391304347825,15.2740478515625,,,,,20200621,20200621_009
104,16.985902499999998,T,-30.0,7.575250836120401,1.129150390625,,,,,,,20200621,20200621_009
106,17.305072499999998,T,40.0,2.6588628762541804,14.862060546875,3.913043478260869,14.7552490234375,5.518394648829432,10.8642578125,,,20200621,20200621_009
108,17.6311225,T,-5.0,4.1638795986622075,15.960693359375,5.668896321070234,15.167236328125,,,,,20200621,20200621_009
116,18.878642499999998,T,20.0,3.060200668896321,15.0146484375,4.31438127090301,14.7857666015625,6.1705685618729085,11.016845703125,,,20200621,20200621_009
118,19.1611725,T,-10.0,4.565217391304348,15.9149169921875,6.321070234113712,14.4500732421875,,,,,20200621,20200621_009
120,19.4660825,T,10.0,3.3612040133779257,15.19775390625,4.665551839464882,14.6942138671875,6.872909698996655,11.04736328125,,,20200621,20200621_009
122,19.7645125,T,-20.0,6.220735785953177,15.7012939453125,,,,,,,20200621,20200621_009
124,20.087082499999998,T,30.0,2.8093645484949827,14.6942138671875,4.063545150501672,14.4195556640625,5.769230769230768,10.6964111328125,,,20200621,20200621_009
126,20.3839725,T,-40.0,,,,,,,,,20200621,20200621_009
128,20.720062499999997,T,5.0,3.511705685618729,15.2130126953125,4.866220735785953,14.6026611328125,,,,,20200621,20200621_009
130,21.0411325,T,0.0,3.812709030100334,15.1824951171875,5.217391304347825,14.5263671875,,,,,20200621,20200621_009
132,21.3362025,T,-30.0,8.62876254180602,1.068115234375,,,,,,,20200621,20200621_009
134,21.7051725,T,40.0,2.6588628762541804,13.6871337890625,3.913043478260869,13.4429931640625,5.6187290969899655,9.8876953125,,,20200621,20200621_009
136,22.029662499999997,T,-5.0,4.1638795986622075,15.07568359375,5.668896321070234,14.09912109375,,,,,20200621,20200621_009
144,23.4369025,T,20.0,3.0100334448160533,13.36669921875,4.264214046822742,12.939453125,6.020066889632107,9.5977783203125,,,20200621,20200621_009
146,23.800112499999997,T,-10.0,4.615384615384615,14.3585205078125,6.471571906354515,12.603759765625,,,,,20200621,20200621_009
148,24.022802499999997,T,10.0,3.311036789297659,13.4735107421875,4.615384615384615,12.8936767578125,6.672240802675585,9.33837890625,,,20200621,20200621_009
150,24.129712499999997,T,-20.0,6.97324414715719,13.8092041015625,,,,,,,20200621,20200621_009
152,24.231162499999996,T,30.0,2.8595317725752505,12.6495361328125,4.063545150501672,12.3443603515625,5.719063545150501,9.3536376953125,,,20200621,20200621_009
154,24.3449325,T,-40.0,,,,,,,,,20200621,20200621_009
156,24.4696625,T,5.0,3.5618729096989963,12.9852294921875,4.866220735785953,12.4053955078125,,,,,20200621,20200621_009
158,24.6154925,T,0.0,3.9632107023411365,13.2598876953125,5.317725752508361,12.4053955078125,,,,,20200621,20200621_009
160,24.796162499999998,T,-30.0,,,,,,,,,20200621,20200621_009
162,24.9887925,T,40.0,2.709030100334448,11.9476318359375,3.913043478260869,11.41357421875,5.568561872909698,8.819580078125,,,20200621,20200621_009
164,25.2260225,T,-5.0,4.214046822742475,12.87841796875,5.719063545150501,12.115478515625,,,,,20200621,20200621_009
172,26.444262499999997,T,20.0,3.0100334448160533,11.3067626953125,4.264214046822742,10.772705078125,5.969899665551839,8.3160400390625,,,20200621,20200621_009
174,26.7498725,T,-10.0,4.7157190635451505,12.6953125,6.672240802675585,10.7421875,,,,,20200621,20200621_009
176,27.032182499999998,T,10.0,3.311036789297659,11.474609375,4.665551839464882,10.833740234375,6.872909698996655,8.1939697265625,,,20200621,20200621_009
178,27.304892499999998,T,-20.0,6.521739130434782,11.810302734375,,,,,,,20200621,20200621_009
180,27.5778625,T,30.0,2.8093645484949827,10.8795166015625,4.063545150501672,10.1318359375,5.668896321070234,7.87353515625,,,20200621,20200621_009
182,27.863112499999996,T,-40.0,,,,,,,,,20200621,20200621_009
184,28.0516625,T,5.0,3.511705685618729,11.322021484375,4.866220735785953,10.406494140625,,,,,20200621,20200621_009
186,28.319572499999996,T,0.0,3.862876254180602,11.3525390625,5.2675585284280935,10.3302001953125,,,,,20200621,20200621_009
188,28.501902499999996,T,-30.0,,,,,,,,,20200621,20200621_009
73,11.485702499999999,T,20.0,2.5585284280936453,13.97705078125,3.6622073578595313,9.4146728515625,5.969899665551839,12.5732421875,,,20200621,20200621_011
75,11.8084125,T,-10.0,3.260869565217391,14.373779296875,4.364548494983278,10.467529296875,,,,,20200621,20200621_011
77,12.122342499999998,T,-30.0,5.117056856187291,14.678955078125,6.421404682274247,11.5814208984375,,,,,20200621,20200621_011
79,12.4243925,T,30.0,2.5083612040133776,13.946533203125,3.612040133779264,9.09423828125,5.919732441471572,12.5732421875,,,20200621,20200621_011
81,12.753822499999998,T,-5.0,3.060200668896321,14.312744140625,4.214046822742475,10.406494140625,,,,,20200621,20200621_011
83,13.063252499999999,T,0.0,2.9096989966555182,13.946533203125,4.013377926421405,10.07080078125,6.421404682274247,12.4053955078125,,,20200621,20200621_011
85,13.383462499999998,T,40.0,2.4080267558528425,13.5040283203125,3.5618729096989963,8.7890625,5.969899665551839,12.6800537109375,,,20200621,20200621_011
87,13.632192499999999,T,5.0,2.8093645484949827,13.85498046875,3.913043478260869,9.8419189453125,6.3712374581939795,12.5579833984375,,,20200621,20200621_011
89,13.770802499999999,T,10.0,2.709030100334448,13.8702392578125,3.812709030100334,9.58251953125,6.1705685618729085,12.4359130859375,,,20200621,20200621_011
91,13.918992499999998,T,-40.0,7.725752508361204,1.7547607421875,,,,,,,20200621,20200621_011
93,14.0666625,T,-20.0,3.9632107023411365,14.1754150390625,5.117056856187291,10.955810546875,,,,,20200621,20200621_011
101,15.116302499999998,T,20.0,2.5585284280936453,13.6260986328125,3.6622073578595313,9.33837890625,5.919732441471572,12.176513671875,,,20200621,20200621_011
103,15.439692499999998,T,-10.0,3.260869565217391,14.007568359375,4.414715719063544,10.528564453125,,,,,20200621,20200621_011
105,15.751002499999998,T,-30.0,5.016722408026755,14.190673828125,6.321070234113712,11.53564453125,,,,,20200621,20200621_011
107,16.062792499999997,T,30.0,2.5083612040133776,13.885498046875,3.6622073578595313,9.002685546875,5.869565217391304,12.4359130859375,,,20200621,20200621_011
109,16.381642499999998,T,-5.0,3.1103678929765883,14.3280029296875,4.214046822742475,10.3912353515625,6.822742474916387,13.1378173828125,,,20200621,20200621_011
111,16.6667925,T,-0.0,2.9096989966555182,13.885498046875,4.063545150501672,10.101318359375,6.421404682274247,12.542724609375,,,20200621,20200621_011
113,16.9809025,T,40.0,2.4080267558528425,13.153076171875,3.5618729096989963,8.2244873046875,5.8193979933110365,12.0391845703125,,,20200621,20200621_011
115,17.322832499999997,T,5.0,2.8093645484949827,12.87841796875,3.913043478260869,8.9569091796875,6.3712374581939795,11.77978515625,,,20200621,20200621_011
117,17.6089225,T,10.0,2.709030100334448,12.5732421875,3.7625418060200664,8.6517333984375,6.070234113712375,11.260986328125,,,20200621,20200621_011
119,17.897992499999997,T,-40.0,7.274247491638796,1.495361328125,,,,,,,20200621,20200621_011
121,18.241002499999997,T,-20.0,3.7625418060200664,12.9852294921875,4.966555183946488,9.8114013671875,,,,,20200621,20200621_011
129,19.4577025,T,20.0,2.5585284280936453,12.87841796875,3.6622073578595313,8.7738037109375,5.919732441471572,11.688232421875,,,20200621,20200621_011
131,19.794092499999998,T,-10.0,3.311036789297659,12.8631591796875,4.414715719063544,9.674072265625,,,,,20200621,20200621_011
133,20.088602499999997,T,-30.0,5.117056856187291,13.2598876953125,6.471571906354515,10.68115234375,,,,,20200621,20200621_011
135,20.401732499999998,T,30.0,2.4581939799331103,12.664794921875,3.612040133779264,8.148193359375,5.919732441471572,11.871337890625,,,20200621,20200621_011
137,20.692362499999998,T,-5.0,3.060200668896321,12.9852294921875,4.214046822742475,9.3994140625,6.77257525083612,12.14599609375,,,20200621,20200621_011
139,21.007512499999997,T,0.0,2.8595317725752505,12.725830078125,4.013377926421405,9.2926025390625,6.321070234113712,11.627197265625,,,20200621,20200621_011
141,21.3219425,T,40.0,2.4581939799331103,12.5885009765625,3.612040133779264,8.1024169921875,5.869565217391304,11.871337890625,,,20200621,20200621_011
143,21.645452499999998,T,5.0,2.759197324414716,13.1072998046875,3.913043478260869,9.21630859375,6.220735785953177,11.871337890625,,,20200621,20200621_011
145,21.964362499999996,T,10.0,2.6588628762541804,12.87841796875,3.812709030100334,8.9874267578125,6.270903010033444,12.0086669921875,,,20200621,20200621_011
147,22.2680525,T,-40.0,7.123745819397993,1.6632080078125,,,,,,,20200621,20200621_011
149,22.6180025,T,-20.0,3.812709030100334,12.969970703125,5.016722408026755,10.2386474609375,,,,,20200621,20200621_011
157,23.8818225,T,20.0,2.5585284280936453,13.214111328125,3.6622073578595313,8.85009765625,6.020066889632107,12.359619140625,,,20200621,20200621_011
159,24.1713125,T,-10.0,3.260869565217391,13.2293701171875,4.414715719063544,9.9945068359375,,,,,20200621,20200621_011
161,24.331202499999996,T,-30.0,5.468227424749164,13.61083984375,6.9230769230769225,11.0931396484375,,,,,20200621,20200621_011
163,24.446392499999998,T,30.0,2.5083612040133776,13.0767822265625,3.6622073578595313,8.5906982421875,5.919732441471572,12.237548828125,,,20200621,20200621_011
165,24.5602025,T,-5.0,3.060200668896321,13.336181640625,4.264214046822742,9.9029541015625,,,,,20200621,20200621_011
167,24.677732499999998,T,0.0,2.959866220735786,13.36669921875,4.113712374581939,9.5977783203125,6.77257525083612,12.8173828125,,,20200621,20200621_011
169,24.8246425,T,40.0,2.4581939799331103,12.8936767578125,3.612040133779264,8.331298828125,5.869565217391304,12.2222900390625,,,20200621,20200621_011
171,25.010992499999997,T,5.0,2.8093645484949827,13.275146484375,3.9632107023411365,9.5062255859375,6.220735785953177,12.1917724609375,,,20200621,20200621_011
173,25.254502499999997,T,10.0,2.6588628762541804,13.214111328125,3.812709030100334,9.3536376953125,6.070234113712375,12.054443359375,,,20200621,20200621_011
175,25.5067325,T,-40.0,7.424749163879598,1.6021728515625,,,,,,,20200621,20200621_011
177,25.7696625,T,-20.0,3.862876254180602,14.09912109375,5.0668896321070225,11.1236572265625,,,,,20200621,20200621_011
185,26.8543025,T,20.0,2.5585284280936453,13.5955810546875,3.6622073578595313,9.3841552734375,6.020066889632107,12.908935546875,,,20200621,20200621_011
187,27.097512499999997,T,-10.0,3.260869565217391,14.1448974609375,4.464882943143812,10.7879638671875,,,,,20200621,20200621_011
189,27.359742499999996,T,-30.0,5.367892976588628,14.5721435546875,6.77257525083612,11.90185546875,,,,,20200621,20200621_011
191,27.628272499999998,T,30.0,2.4581939799331103,13.702392578125,3.612040133779264,9.033203125,5.869565217391304,12.8021240234375,,,20200621,20200621_011
193,27.940302499999998,T,-5.0,3.0100334448160533,13.85498046875,4.214046822742475,10.55908203125,,,,,20200621,20200621_011
195,28.226892499999998,T,-0.0,2.9096989966555182,13.8397216796875,4.063545150501672,10.07080078125,6.471571906354515,12.87841796875,,,20200621,20200621_011
197,28.504142499999997,T,40.0,2.4080267558528425,13.2598876953125,3.612040133779264,8.8043212890625,5.869565217391304,12.8173828125,,,20200621,20200621_011
199,28.804432499999997,T,5.0,2.759197324414716,13.6566162109375,3.913043478260869,10.009765625,6.220735785953177,12.908935546875,,,20200621,20200621_011
201,29.0632025,T,10.0,2.6588628762541804,13.6566162109375,3.812709030100334,9.8419189453125,6.120401337792642,12.8936767578125,,,20200621,20200621_011
203,29.3547925,T,-40.0,7.725752508361204,1.495361328125,,,,,,,20200621,20200621_011
205,29.643302499999997,T,-20.0,3.7625418060200664,13.8092041015625,5.016722408026755,11.16943359375,,,,,20200621,20200621_011
213,30.867302499999997,T,20.0,2.5083612040133776,14.1143798828125,3.6622073578595313,9.735107421875,5.8193979933110365,13.1988525390625,,,20200621,20200621_011
215,31.202412499999998,T,-10.0,3.2107023411371234,14.4805908203125,4.414715719063544,11.322021484375,,,,,20200621,20200621_011
217,31.515562499999998,T,-30.0,5.167224080267558,15.0299072265625,6.622073578595318,12.603759765625,,,,,20200621,20200621_011
219,31.860072499999998,T,30.0,2.4581939799331103,14.495849609375,3.612040133779264,9.9639892578125,5.8193979933110365,13.9923095703125,,,20200621,20200621_011
221,32.1889025,T,-5.0,3.0100334448160533,14.923095703125,4.214046822742475,11.53564453125,,,,,20200621,20200621_011
223,32.526332499999995,T,0.0,2.8595317725752505,15.1519775390625,4.063545150501672,11.53564453125,6.471571906354515,14.6331787109375,,,20200621,20200621_011
225,32.821502499999994,T,40.0,2.3578595317725752,15.0909423828125,3.612040133779264,10.4522705078125,5.8193979933110365,15.045166015625,,,20200621,20200621_011
227,33.1563325,T,5.0,2.759197324414716,15.1824951171875,3.9632107023411365,11.5509033203125,6.321070234113712,14.8162841796875,,,20200621,20200621_011
229,33.465242499999995,T,10.0,2.6588628762541804,15.4571533203125,3.862876254180602,11.3067626953125,6.070234113712375,14.6636962890625,,,20200621,20200621_011
231,33.790792499999995,T,-40.0,7.775919732441471,1.28173828125,,,,,,,20200621,20200621_011
233,34.0808025,T,-20.0,3.812709030100334,15.2740478515625,5.117056856187291,12.725830078125,,,,,20200621,20200621_011
241,35.433142499999995,T,20.0,2.5083612040133776,15.1214599609375,3.7625418060200664,10.986328125,5.919732441471572,14.984130859375,,,20200621,20200621_011
243,35.7522125,T,-10.0,3.2107023411371234,15.2587890625,4.464882943143812,12.237548828125,,,,,20200621,20200621_011
245,36.049862499999996,T,-30.0,5.167224080267558,15.6402587890625,6.672240802675585,13.824462890625,,,,,20200621,20200621_011
247,36.3505325,T,30.0,2.4080267558528425,15.2435302734375,3.6622073578595313,10.6353759765625,5.769230769230768,15.0909423828125,,,20200621,20200621_011
249,36.6917025,T,-5.0,3.0100334448160533,15.6097412109375,4.214046822742475,12.4664306640625,6.57190635451505,15.5487060546875,,,20200621,20200621_011
251,37.0754125,T,0.0,2.8093645484949827,15.3350830078125,4.063545150501672,12.2222900390625,6.3712374581939795,15.7318115234375,,,20200621,20200621_011
253,37.4062025,T,40.0,2.3578595317725752,15.4266357421875,3.612040133779264,10.894775390625,5.8193979933110365,15.899658203125,,,20200621,20200621_011
255,37.7453125,T,5.0,2.709030100334448,15.838623046875,3.9632107023411365,12.451171875,6.270903010033444,15.93017578125,,,20200621,20200621_011
257,38.066242499999994,T,10.0,2.6588628762541804,15.7318115234375,3.862876254180602,12.1612548828125,6.220735785953177,16.143798828125,,,20200621,20200621_011
259,38.4008325,T,-40.0,6.872909698996655,1.5869140625,,,,,,,20200621,20200621_011
261,38.7252625,T,-20.0,3.7625418060200664,15.960693359375,5.0668896321070225,13.7481689453125,,,,,20200621,20200621_011
269,40.0016025,T,20.0,2.5083612040133776,16.1590576171875,3.712374581939799,11.90185546875,5.919732441471572,16.2353515625,,,20200621,20200621_011
271,40.3181525,T,-10.0,3.2107023411371234,16.41845703125,4.464882943143812,13.641357421875,,,,,20200621,20200621_011
273,40.6535625,T,-30.0,5.117056856187291,16.7083740234375,6.57190635451505,14.8468017578125,,,,,20200621,20200621_011
275,40.989892499999996,T,30.0,2.4581939799331103,16.2353515625,3.6622073578595313,11.7645263671875,6.020066889632107,16.998291015625,,,20200621,20200621_011
277,41.341402499999994,T,-5.0,3.0100334448160533,16.448974609375,4.214046822742475,13.580322265625,6.77257525083612,17.08984375,,,20200621,20200621_011
279,41.64219249999999,T,0.0,2.8595317725752505,16.2353515625,4.113712374581939,13.1683349609375,6.3712374581939795,16.387939453125,,,20200621,20200621_011
281,41.9854025,T,40.0,2.3578595317725752,15.625,3.6622073578595313,11.505126953125,5.8193979933110365,16.4337158203125,,,20200621,20200621_011
283,42.3105925,T,5.0,2.759197324414716,15.3656005859375,4.013377926421405,12.3748779296875,6.270903010033444,16.082763671875,,,20200621,20200621_011
285,42.627022499999995,T,10.0,2.6086956521739126,15.2740478515625,3.913043478260869,12.39013671875,6.120401337792642,15.93017578125,,,20200621,20200621_011
287,42.9645325,T,-40.0,6.77257525083612,1.251220703125,,,,,,,20200621,20200621_011
289,43.2907625,T,-20.0,3.812709030100334,15.7012939453125,5.167224080267558,13.8702392578125,,,,,20200621,20200621_011
297,44.705702499999994,T,20.0,2.5083612040133776,15.9149169921875,3.712374581939799,12.237548828125,5.869565217391304,16.2353515625,,,20200621,20200621_011
299,45.110592499999996,T,-10.0,3.2107023411371234,16.11328125,4.5150501672240795,13.946533203125,,,,,20200621,20200621_011
301,45.488902499999995,T,-30.0,5.117056856187291,16.5863037109375,6.622073578595318,15.2587890625,,,,,20200621,20200621_011
303,45.825132499999995,T,30.0,2.4080267558528425,15.8233642578125,3.712374581939799,11.8255615234375,5.869565217391304,16.7388916015625,,,20200621,20200621_011
305,46.1592025,T,-5.0,3.0100334448160533,16.2200927734375,4.264214046822742,13.7176513671875,,,,,20200621,20200621_011
307,46.4824925,T,-0.0,2.8595317725752505,16.0980224609375,4.113712374581939,13.4735107421875,6.421404682274247,16.9830322265625,,,20200621,20200621_011
309,46.8163025,T,40.0,2.3578595317725752,15.9759521484375,3.712374581939799,11.871337890625,5.919732441471572,17.2119140625,,,20200621,20200621_011
311,47.1746925,T,5.0,2.759197324414716,16.1590576171875,4.013377926421405,13.0157470703125,6.321070234113712,17.0440673828125,,,20200621,20200621_011
313,47.5190025,T,10.0,2.6086956521739126,16.265869140625,3.862876254180602,13.214111328125,6.070234113712375,16.815185546875,,,20200621,20200621_011
315,47.863012499999996,T,-40.0,6.77257525083612,1.4190673828125,,,,,,,20200621,20200621_011
317,48.187842499999995,T,-20.0,3.862876254180602,16.4031982421875,5.217391304347825,14.617919921875,,,,,20200621,20200621_011
325,49.619922499999994,T,20.0,2.5083612040133776,16.204833984375,3.7625418060200664,12.6190185546875,6.070234113712375,17.3187255859375,,,20200621,20200621_011
327,50.021052499999996,T,-10.0,3.160535117056856,16.693115234375,4.464882943143812,14.5111083984375,,,,,20200621,20200621_011
329,50.3317425,T,-30.0,5.317725752508361,16.8914794921875,6.872909698996655,15.2740478515625,,,,,20200621,20200621_011
331,50.69063249999999,T,30.0,2.4080267558528425,16.3116455078125,3.712374581939799,12.5579833984375,5.919732441471572,17.4560546875,,,20200621,20200621_011
333,51.0277025,T,-5.0,2.959866220735786,16.510009765625,4.264214046822742,14.2059326171875,6.77257525083612,17.76123046875,,,20200621,20200621_011
335,51.3678525,T,0.0,2.8093645484949827,16.4794921875,4.113712374581939,13.916015625,6.521739130434782,17.7001953125,,,20200621,20200621_011
337,51.767202499999996,T,40.0,2.3578595317725752,15.9759521484375,3.6622073578595313,12.115478515625,5.8193979933110365,17.303466796875,,,20200621,20200621_011
339,52.1349325,T,5.0,2.709030100334448,16.17431640625,3.9632107023411365,13.5650634765625,6.1705685618729085,16.876220703125,,,20200621,20200621_011
341,52.483802499999996,T,10.0,2.6086956521739126,15.7623291015625,3.862876254180602,13.18359375,6.120401337792642,17.120361328125,,,20200621,20200621_011
343,52.83929249999999,T,-40.0,8.127090301003344,16.8609619140625,,,,,,,20200621,20200621_011
345,53.1998025,T,-20.0,3.7625418060200664,15.869140625,5.117056856187291,14.4195556640625,,,,,20200621,20200621_011
353,54.6502425,T,20.0,2.5083612040133776,15.56396484375,3.812709030100334,12.5732421875,5.8193979933110365,16.54052734375,,,20200621,20200621_011
355,54.997432499999995,T,-10.0,3.2107023411371234,16.0980224609375,4.5150501672240795,14.3585205078125,,,,,20200621,20200621_011
357,55.36902249999999,T,-30.0,5.016722408026755,15.9454345703125,6.57190635451505,15.350341796875,,,,,20200621,20200621_011
359,55.71369249999999,T,30.0,2.4080267558528425,15.350341796875,3.712374581939799,12.1002197265625,6.020066889632107,17.1356201171875,,,20200621,20200621_011
361,56.0213025,T,-5.0,2.959866220735786,15.2587890625,4.264214046822742,13.5650634765625,,,,,20200621,20200621_011
363,56.336032499999995,T,0.0,2.8595317725752505,15.3656005859375,4.113712374581939,13.3209228515625,6.521739130434782,16.9525146484375,,,20200621,20200621_011
365,56.63012249999999,T,40.0,2.3578595317725752,15.289306640625,3.712374581939799,11.871337890625,5.8193979933110365,16.6778564453125,,,20200621,20200621_011
367,56.9539925,T,5.0,2.709030100334448,15.4571533203125,4.013377926421405,13.3514404296875,6.270903010033444,16.845703125,,,20200621,20200621_011
369,57.2668025,T,10.0,2.6086956521739126,15.2740478515625,3.913043478260869,12.8631591796875,6.120401337792642,16.5252685546875,,,20200621,20200621_011
371,57.61219249999999,T,-40.0,6.77257525083612,1.2664794921875,,,,,,,20200621,20200621_011
373,57.91990249999999,T,-20.0,3.7625418060200664,15.4266357421875,5.117056856187291,14.4805908203125,,,,,20200621,20200621_011
381,58.77652249999999,T,20.0,2.5083612040133776,15.2740478515625,3.812709030100334,12.5885009765625,5.969899665551839,16.7388916015625,,,20200621,20200621_011
383,58.94441249999999,T,-10.0,3.260869565217391,15.5181884765625,4.565217391304348,14.3280029296875,,,,,20200621,20200621_011
385,59.10924249999999,T,-30.0,5.568561872909698,15.9454345703125,7.224080267558528,15.8233642578125,,,,,20200621,20200621_011
387,59.284752499999996,T,30.0,2.4080267558528425,15.1824951171875,3.712374581939799,12.237548828125,5.8193979933110365,16.6473388671875,,,20200621,20200621_011
389,59.542402499999994,T,-5.0,3.0100334448160533,15.19775390625,4.31438127090301,13.824462890625,6.9230769230769225,17.4713134765625,,,20200621,20200621_011
391,59.78281249999999,T,0.0,2.8093645484949827,15.106201171875,4.113712374581939,13.397216796875,6.471571906354515,16.876220703125,,,20200621,20200621_011
393,60.0566025,T,40.0,2.3578595317725752,14.6942138671875,3.712374581939799,11.871337890625,5.719063545150501,16.7694091796875,,,20200621,20200621_011
395,60.34545249999999,T,5.0,2.709030100334448,15.228271484375,3.9632107023411365,13.24462890625,6.220735785953177,16.6015625,,,20200621,20200621_011
397,60.6461025,T,10.0,2.6086956521739126,14.9383544921875,3.862876254180602,12.8326416015625,6.120401337792642,16.66259765625,,,20200621,20200621_011
399,60.9451925,T,-40.0,6.7224080267558515,1.2969970703125,,,,,,,20200621,20200621_011
401,61.25040249999999,T,-20.0,3.7625418060200664,15.289306640625,5.117056856187291,14.373779296875,,,,,20200621,20200621_011
409,62.551362499999996,T,20.0,2.4581939799331103,14.9383544921875,3.7625418060200664,12.3748779296875,5.969899665551839,16.632080078125,,,20200621,20200621_011
411,62.86799249999999,T,-10.0,3.2107023411371234,14.9078369140625,4.565217391304348,13.6871337890625,,,,,20200621,20200621_011
413,63.155402499999994,T,-30.0,5.016722408026755,14.9688720703125,6.521739130434782,15.0909423828125,,,,,20200621,20200621_011
415,63.36159249999999,T,30.0,2.4080267558528425,14.5416259765625,3.7625418060200664,11.77978515625,5.869565217391304,16.6473388671875,,,20200621,20200621_011
417,63.572602499999995,T,-5.0,3.0100334448160533,14.9078369140625,4.31438127090301,13.519287109375,,,,,20200621,20200621_011
419,63.74059249999999,T,0.0,2.8595317725752505,14.862060546875,4.1638795986622075,13.519287109375,6.421404682274247,16.6015625,,,20200621,20200621_011
421,63.90056249999999,T,40.0,2.3578595317725752,14.6484375,3.7625418060200664,11.871337890625,5.969899665551839,16.9525146484375,,,20200621,20200621_011
423,64.07905249999999,T,5.0,2.709030100334448,14.8468017578125,4.013377926421405,13.12255859375,6.220735785953177,16.4947509765625,,,20200621,20200621_011
425,64.2799225,T,10.0,2.6086956521739126,14.7247314453125,3.913043478260869,12.847900390625,6.220735785953177,17.0745849609375,,,20200621,20200621_011
427,64.5309525,T,-40.0,7.073578595317725,1.129150390625,,,,,,,20200621,20200621_011
429,64.8287625,T,-20.0,3.862876254180602,14.7247314453125,5.217391304347825,13.9923095703125,,,,,20200621,20200621_011
437,65.95880249999999,T,20.0,2.4581939799331103,14.3585205078125,3.7625418060200664,12.26806640625,6.020066889632107,16.510009765625,,,20200621,20200621_011
439,66.17181249999999,T,-10.0,3.2107023411371234,14.495849609375,4.615384615384615,13.73291015625,,,,,20200621,20200621_011
441,66.3995025,T,-30.0,5.117056856187291,14.83154296875,6.77257525083612,15.13671875,,,,,20200621,20200621_011
443,66.5620525,T,30.0,2.3578595317725752,14.1448974609375,3.712374581939799,11.65771484375,5.869565217391304,16.4337158203125,,,20200621,20200621_011
445,66.7262025,T,-5.0,3.0100334448160533,14.4500732421875,4.31438127090301,13.458251953125,,,,,20200621,20200621_011
447,66.93225249999999,T,0.0,2.8093645484949827,14.4195556640625,4.113712374581939,13.1072998046875,6.471571906354515,16.387939453125,,,20200621,20200621_011
449,67.1280225,T,40.0,2.3578595317725752,14.373779296875,3.7625418060200664,11.7645263671875,5.869565217391304,16.5557861328125,,,20200621,20200621_011
451,67.3871925,T,5.0,2.709030100334448,14.251708984375,4.063545150501672,12.7105712890625,6.270903010033444,16.29638671875,,,20200621,20200621_011
453,67.6470025,T,10.0,2.6086956521739126,14.4195556640625,3.913043478260869,12.542724609375,6.120401337792642,16.3116455078125,,,20200621,20200621_011
455,67.9100125,T,-40.0,7.123745819397993,1.1138916015625,,,,,,,20200621,20200621_011
457,68.18730249999999,T,-20.0,3.812709030100334,14.556884765625,5.217391304347825,14.3585205078125,,,,,20200621,20200621_011
465,69.38260249999999,T,20.0,2.4581939799331103,14.09912109375,3.7625418060200664,12.0086669921875,5.869565217391304,15.9759521484375,,,20200621,20200621_011
467,69.6646325,T,-10.0,3.2107023411371234,14.4195556640625,4.565217391304348,13.702392578125,,,,,20200621,20200621_011
469,69.98566249999999,T,-30.0,5.317725752508361,14.46533203125,6.97324414715719,14.923095703125,,,,,20200621,20200621_011
471,70.2625125,T,30.0,2.3578595317725752,13.9312744140625,3.7625418060200664,11.9171142578125,5.969899665551839,16.6168212890625,,,20200621,20200621_011
473,70.5839625,T,-5.0,2.959866220735786,14.2059326171875,4.31438127090301,13.3056640625,6.872909698996655,16.8914794921875,,,20200621,20200621_011
475,70.91117249999999,T,0.0,2.8093645484949827,14.068603515625,4.113712374581939,12.8326416015625,6.321070234113712,15.7928466796875,,,20200621,20200621_011
477,71.20960249999999,T,40.0,2.3076923076923075,13.8397216796875,3.712374581939799,11.3525390625,5.8193979933110365,16.4947509765625,,,20200621,20200621_011
479,71.5022125,T,5.0,2.709030100334448,13.9007568359375,4.013377926421405,12.8326416015625,6.220735785953177,16.0369873046875,,,20200621,20200621_011
481,71.81772249999999,T,10.0,2.6086956521739126,14.1143798828125,3.913043478260869,12.420654296875,6.070234113712375,16.11328125,,,20200621,20200621_011
483,72.11259249999999,T,-40.0,,,,,,,,,20200621,20200621_011
485,72.43542249999999,T,-20.0,3.812709030100334,14.16015625,5.217391304347825,14.1448974609375,,,,,20200621,20200621_011
493,73.7817025,T,20.0,2.4581939799331103,13.85498046875,3.812709030100334,12.14599609375,6.020066889632107,16.4947509765625,,,20200621,20200621_011
495,74.0741925,T,-10.0,3.2107023411371234,14.2059326171875,4.565217391304348,13.702392578125,,,,,20200621,20200621_011
497,74.4029025,T,-30.0,5.117056856187291,14.5111083984375,6.77257525083612,14.923095703125,,,,,20200621,20200621_011
499,74.7607925,T,30.0,2.4080267558528425,13.946533203125,3.7625418060200664,11.7340087890625,5.969899665551839,16.4337158203125,,,20200621,20200621_011
501,75.05810249999999,T,-5.0,2.9096989966555182,13.73291015625,4.31438127090301,13.2598876953125,6.822742474916387,16.876220703125,,,20200621,20200621_011
503,75.35461249999999,T,0.0,2.8093645484949827,13.916015625,4.1638795986622075,12.939453125,6.3712374581939795,16.0064697265625,,,20200621,20200621_011
505,75.63550249999999,T,40.0,2.3076923076923075,13.5955810546875,3.7625418060200664,11.474609375,5.919732441471572,16.510009765625,,,20200621,20200621_011
507,75.92127249999999,T,5.0,2.709030100334448,13.9312744140625,4.013377926421405,12.908935546875,6.57190635451505,16.90673828125,,,20200621,20200621_011
509,76.18910249999999,T,10.0,2.6086956521739126,13.85498046875,3.913043478260869,12.8173828125,6.1705685618729085,16.754150390625,,,20200621,20200621_011
511,76.46619249999999,T,-40.0,,,,,,,,,20200621,20200621_011
513,76.7188425,T,-20.0,3.862876254180602,13.8397216796875,5.2675585284280935,13.9007568359375,,,,,20200621,20200621_011
521,77.8956625,T,20.0,2.4581939799331103,13.5955810546875,3.812709030100334,11.993408203125,6.070234113712375,16.632080078125,,,20200621,20200621_011
524,78.2138925,T,-10.0,3.2107023411371234,13.7939453125,4.565217391304348,13.5955810546875,,,,,20200621,20200621_011
49,5.898087499999999,T,5.0,2.8595317725752505,9.307861328125,3.9632107023411365,7.0037841796875,,,,,20200621,20200621_013
51,6.1417775,T,-20.0,3.812709030100334,9.4757080078125,5.016722408026755,7.62939453125,,,,,20200621,20200621_013
53,6.4248674999999995,T,-40.0,6.622073578595318,9.4757080078125,7.826086956521738,7.7056884765625,,,,,20200621,20200621_013
55,6.732077499999999,T,-5.0,3.1103678929765883,9.2010498046875,4.264214046822742,7.2174072265625,,,,,20200621,20200621_013
57,7.0555875,T,10.0,2.759197324414716,9.09423828125,3.862876254180602,6.6986083984375,6.471571906354515,6.500244140625,,,20200621,20200621_013
59,7.362277499999999,T,-10.0,3.3612040133779257,8.819580078125,4.414715719063544,6.988525390625,,,,,20200621,20200621_013
61,7.694987499999999,T,-30.0,4.765886287625418,8.7432861328125,5.919732441471572,7.1868896484375,,,,,20200621,20200621_013
63,7.984377499999999,T,-0.0,2.959866220735786,8.7738037109375,,,,,,,20200621,20200621_013
65,8.260327499999999,T,40.0,2.3578595317725752,8.697509765625,5.518394648829432,5.5999755859375,,,,,20200621,20200621_013
67,8.5506175,T,20.0,2.5585284280936453,8.697509765625,6.020066889632107,5.7830810546875,,,,,20200621,20200621_013
69,8.8699075,T,30.0,2.4080267558528425,8.7890625,5.6187290969899655,5.4779052734375,,,,,20200621,20200621_013
77,10.116367499999999,T,5.0,2.8093645484949827,8.4228515625,,,,,,,20200621,20200621_013
79,10.4118775,T,-20.0,3.812709030100334,8.72802734375,5.016722408026755,7.0953369140625,,,,,20200621,20200621_013
81,10.725887499999999,T,-40.0,6.321070234113712,8.636474609375,7.525083612040133,7.080078125,,,,,20200621,20200621_013
83,11.0674175,T,-5.0,3.1103678929765883,8.7127685546875,,,,,,,20200621,20200621_013
85,11.3788875,T,10.0,2.709030100334448,8.5906982421875,6.3712374581939795,6.2103271484375,,,,,20200621,20200621_013
87,11.6839775,T,-10.0,3.311036789297659,9.0179443359375,4.414715719063544,7.2021484375,,,,,20200621,20200621_013
89,12.026067499999998,T,-30.0,4.7157190635451505,8.9263916015625,5.869565217391304,7.4310302734375,,,,,20200621,20200621_013
91,12.3538375,T,0.0,2.959866220735786,8.941650390625,,,,,,,20200621,20200621_013
93,12.688627499999999,T,40.0,2.3578595317725752,9.4146728515625,5.568561872909698,6.2255859375,,,,,20200621,20200621_013
95,13.029617499999999,T,20.0,2.5585284280936453,9.3231201171875,3.6622073578595313,6.5765380859375,5.719063545150501,5.950927734375,,,20200621,20200621_013
97,13.354707499999998,T,30.0,2.4581939799331103,9.0179443359375,5.719063545150501,5.8135986328125,,,,,20200621,20200621_013
105,14.744867499999998,T,5.0,2.8093645484949827,9.27734375,3.862876254180602,6.927490234375,,,,,20200621,20200621_013
107,15.084677499999998,T,-20.0,3.862876254180602,9.0484619140625,5.0668896321070225,7.4462890625,,,,,20200621,20200621_013
109,15.437467499999999,T,-40.0,5.668896321070234,9.3841552734375,6.872909698996655,7.537841796875,,,,,20200621,20200621_013
111,15.765077499999999,T,-5.0,3.1103678929765883,9.3841552734375,4.1638795986622075,7.232666015625,,,,,20200621,20200621_013
113,16.112187499999997,T,10.0,2.709030100334448,9.2315673828125,3.812709030100334,6.7901611328125,6.070234113712375,6.2408447265625,,,20200621,20200621_013
115,16.4657375,T,-10.0,3.3612040133779257,9.307861328125,4.414715719063544,7.32421875,,,,,20200621,20200621_013
117,16.7683675,T,-30.0,4.665551839464882,9.1094970703125,5.8193979933110365,7.568359375,,,,,20200621,20200621_013
119,17.0942975,T,0.0,3.0100334448160533,9.4146728515625,4.063545150501672,7.14111328125,,,,,20200621,20200621_013
121,17.412967499999997,T,40.0,2.3578595317725752,9.4146728515625,5.518394648829432,5.9661865234375,,,,,20200621,20200621_013
123,17.758017499999998,T,20.0,2.5585284280936453,9.6588134765625,6.020066889632107,6.5155029296875,,,,,20200621,20200621_013
125,18.0869875,T,30.0,2.4581939799331103,9.6282958984375,5.769230769230768,6.3018798828125,,,,,20200621,20200621_013
133,19.239527499999998,T,5.0,2.9096989966555182,10.2691650390625,3.9632107023411365,7.75146484375,,,,,20200621,20200621_013
135,19.333577499999997,T,-20.0,4.113712374581939,10.2081298828125,5.2675585284280935,8.3465576171875,,,,,20200621,20200621_013
137,19.4331675,T,-40.0,7.575250836120401,10.5438232421875,8.979933110367893,8.6669921875,,,,,20200621,20200621_013
139,19.5069375,T,-5.0,3.2107023411371234,10.4522705078125,4.364548494983278,8.087158203125,,,,,20200621,20200621_013
141,19.6125275,T,10.0,2.8093645484949827,10.55908203125,3.862876254180602,7.87353515625,,,,,20200621,20200621_013
143,19.7440975,T,-10.0,3.511705685618729,10.7574462890625,4.615384615384615,8.4228515625,,,,,20200621,20200621_013
145,19.886107499999998,T,-30.0,5.117056856187291,10.9100341796875,6.321070234113712,9.033203125,,,,,20200621,20200621_013
147,20.0190375,T,-0.0,3.0100334448160533,11.1236572265625,4.113712374581939,8.7738037109375,,,,,20200621,20200621_013
149,20.1708875,T,40.0,2.4080267558528425,10.9710693359375,3.511705685618729,7.293701171875,5.6187290969899655,6.89697265625,,,20200621,20200621_013
151,20.343817499999997,T,20.0,2.6086956521739126,11.2762451171875,3.6622073578595313,8.270263671875,5.919732441471572,7.4615478515625,,,20200621,20200621_013
153,20.562627499999998,T,30.0,2.4581939799331103,11.6729736328125,3.511705685618729,8.0413818359375,5.919732441471572,7.965087890625,,,20200621,20200621_013
161,21.779607499999997,T,5.0,2.8595317725752505,11.8408203125,3.862876254180602,9.124755859375,,,,,20200621,20200621_013
163,22.042477499999997,T,-20.0,3.913043478260869,12.298583984375,5.016722408026755,10.162353515625,,,,,20200621,20200621_013
165,22.2734675,T,-40.0,8.528428093645484,12.14599609375,9.832775919732441,9.9639892578125,,,,,20200621,20200621_013
167,22.3921775,T,-5.0,3.1103678929765883,12.3138427734375,4.214046822742475,9.796142578125,,,,,20200621,20200621_013
169,22.508867499999997,T,10.0,2.8093645484949827,12.420654296875,3.913043478260869,9.4146728515625,,,,,20200621,20200621_013
171,22.659377499999998,T,-10.0,3.4113712374581935,12.5579833984375,4.5150501672240795,10.4522705078125,,,,,20200621,20200621_013
173,22.8096875,T,-30.0,4.866220735785953,12.5579833984375,6.120401337792642,10.3302001953125,,,,,20200621,20200621_013
175,22.979877499999997,T,-0.0,2.959866220735786,13.0157470703125,4.013377926421405,10.162353515625,,,,,20200621,20200621_013
177,23.2003675,T,40.0,2.4080267558528425,13.3209228515625,3.4615384615384612,9.2620849609375,5.719063545150501,8.8653564453125,,,20200621,20200621_013
179,23.447017499999998,T,20.0,2.6086956521739126,13.8397216796875,3.712374581939799,10.345458984375,6.270903010033444,9.46044921875,,,20200621,20200621_013
181,23.7562875,T,30.0,2.5083612040133776,14.1448974609375,3.5618729096989963,10.1318359375,5.668896321070234,8.7890625,,,20200621,20200621_013
189,24.972927499999997,T,5.0,2.8595317725752505,17.8680419921875,3.913043478260869,14.16015625,,,,,20200621,20200621_013
191,25.2550575,T,-20.0,3.913043478260869,18.00537109375,5.0668896321070225,15.1824951171875,,,,,20200621,20200621_013
193,25.567127499999998,T,-40.0,6.3712374581939795,18.2647705078125,7.675585284280936,14.739990234375,,,,,20200621,20200621_013
195,25.868117499999997,T,-5.0,3.160535117056856,19.0887451171875,4.264214046822742,15.2587890625,,,,,20200621,20200621_013
197,26.1970675,T,10.0,2.759197324414716,20.2484130859375,3.812709030100334,15.899658203125,,,,,20200621,20200621_013
199,26.4983975,T,-10.0,3.311036789297659,20.4315185546875,4.414715719063544,16.937255859375,,,,,20200621,20200621_013
201,26.806067499999997,T,-30.0,4.866220735785953,20.263671875,6.070234113712375,16.4947509765625,,,,,20200621,20200621_013
203,27.150597499999996,T,-0.0,3.0100334448160533,21.0113525390625,4.063545150501672,16.510009765625,,,,,20200621,20200621_013
205,27.484407499999996,T,40.0,2.4080267558528425,21.697998046875,3.4113712374581935,15.5181884765625,5.568561872909698,13.5040283203125,,,20200621,20200621_013
207,27.835817499999997,T,20.0,2.6086956521739126,21.8505859375,3.6622073578595313,16.448974609375,5.769230769230768,13.3819580078125,,,20200621,20200621_013
209,28.1572875,T,30.0,2.5083612040133776,22.064208984375,3.5618729096989963,16.021728515625,5.769230769230768,14.0228271484375,,,20200621,20200621_013
217,29.482327499999997,T,5.0,2.8595317725752505,22.8271484375,3.913043478260869,18.1884765625,,,,,20200621,20200621_013
219,29.762317499999998,T,-20.0,3.862876254180602,22.94921875,5.016722408026755,19.2413330078125,,,,,20200621,20200621_013
221,30.0675875,T,-40.0,6.57190635451505,23.1781005859375,7.775919732441471,18.3868408203125,,,,,20200621,20200621_013
223,30.3907775,T,-5.0,3.1103678929765883,24.2919921875,4.264214046822742,19.4549560546875,,,,,20200621,20200621_013
225,30.693067499999998,T,10.0,2.759197324414716,24.7802734375,3.812709030100334,19.0582275390625,6.1705685618729085,15.7318115234375,,,20200621,20200621_013
227,31.0445775,T,-10.0,3.3612040133779257,24.566650390625,4.464882943143812,20.1873779296875,,,,,20200621,20200621_013
229,31.397127499999996,T,-30.0,4.665551839464882,24.7039794921875,5.8193979933110365,19.8974609375,,,,,20200621,20200621_013
231,31.735577499999998,T,0.0,2.959866220735786,25.115966796875,4.063545150501672,19.8822021484375,,,,,20200621,20200621_013
233,32.0547275,T,40.0,2.4080267558528425,25.9246826171875,3.4615384615384612,18.7530517578125,5.518394648829432,15.777587890625,,,20200621,20200621_013
235,32.417317499999996,T,20.0,2.6086956521739126,25.9857177734375,3.6622073578595313,19.744873046875,5.969899665551839,16.754150390625,,,20200621,20200621_013
237,32.729747499999995,T,30.0,2.5083612040133776,26.0162353515625,3.612040133779264,19.195556640625,5.919732441471572,16.6015625,,,20200621,20200621_013
245,34.1097075,T,5.0,2.8093645484949827,25.604248046875,3.913043478260869,20.172119140625,,,,,20200621,20200621_013
247,34.4487775,T,-20.0,3.862876254180602,25.1617431640625,5.016722408026755,20.8282470703125,,,,,20200621,20200621_013
249,34.7769675,T,-40.0,6.57190635451505,25.45166015625,7.8762541806020065,19.9432373046875,,,,,20200621,20200621_013
251,35.120417499999995,T,-5.0,3.1103678929765883,25.57373046875,4.214046822742475,20.5841064453125,,,,,20200621,20200621_013
253,35.450807499999996,T,10.0,2.759197324414716,25.848388671875,3.812709030100334,20.050048828125,6.020066889632107,16.2353515625,,,20200621,20200621_013
255,35.770917499999996,T,-10.0,3.311036789297659,25.45166015625,4.464882943143812,20.7366943359375,,,,,20200621,20200621_013
257,36.117707499999995,T,-30.0,4.615384615384615,25.238037109375,5.8193979933110365,20.1416015625,,,,,20200621,20200621_013
259,36.442077499999996,T,-0.0,2.959866220735786,25.634765625,4.063545150501672,20.20263671875,,,,,20200621,20200621_013
261,36.774767499999996,T,40.0,2.3578595317725752,26.153564453125,3.4615384615384612,18.890380859375,5.668896321070234,16.54052734375,,,20200621,20200621_013
263,37.1214775,T,20.0,2.6086956521739126,25.970458984375,3.712374581939799,19.3634033203125,6.020066889632107,16.0980224609375,,,20200621,20200621_013
265,37.43886749999999,T,30.0,2.4581939799331103,25.970458984375,3.5618729096989963,19.04296875,5.8193979933110365,16.54052734375,,,20200621,20200621_013
273,38.7724675,T,5.0,2.8595317725752505,25.665283203125,3.913043478260869,20.2178955078125,,,,,20200621,20200621_013
275,39.107677499999994,T,-20.0,3.862876254180602,25.177001953125,5.0668896321070225,21.0113525390625,,,,,20200621,20200621_013
277,39.449507499999996,T,-40.0,6.421404682274247,24.84130859375,7.725752508361204,19.47021484375,,,,,20200621,20200621_013
279,39.8045975,T,-5.0,3.160535117056856,25.1312255859375,4.214046822742475,20.1416015625,,,,,20200621,20200621_013
281,40.1457875,T,10.0,2.759197324414716,25.6805419921875,3.862876254180602,19.8974609375,6.020066889632107,16.1285400390625,,,20200621,20200621_013
283,40.45829749999999,T,-10.0,3.311036789297659,24.8870849609375,4.414715719063544,20.4010009765625,,,,,20200621,20200621_013
285,40.812327499999995,T,-30.0,4.7157190635451505,24.90234375,5.919732441471572,20.2178955078125,,,,,20200621,20200621_013
287,41.07447749999999,T,0.0,2.959866220735786,25.0701904296875,4.063545150501672,19.95849609375,,,,,20200621,20200621_013
289,41.3738275,T,40.0,2.4080267558528425,25.4669189453125,3.511705685618729,18.2647705078125,5.668896321070234,16.0980224609375,,,20200621,20200621_013
291,41.693817499999994,T,20.0,2.6086956521739126,25.390625,3.6622073578595313,19.2108154296875,5.8193979933110365,15.350341796875,,,20200621,20200621_013
293,42.0213675,T,30.0,2.4581939799331103,25.5126953125,3.5618729096989963,18.8446044921875,5.719063545150501,15.5487060546875,,,20200621,20200621_013
301,43.2507075,T,5.0,2.8595317725752505,24.96337890625,3.9632107023411365,19.5159912109375,,,,,20200621,20200621_013
303,43.396897499999994,T,-20.0,4.013377926421405,24.0020751953125,5.117056856187291,19.5159912109375,,,,,20200621,20200621_013
305,43.5430675,T,-40.0,6.471571906354515,24.1241455078125,7.775919732441471,18.9056396484375,,,,,20200621,20200621_013
307,43.743717499999995,T,-5.0,3.1103678929765883,24.4140625,4.214046822742475,19.8211669921875,,,,,20200621,20200621_013
309,43.9811675,T,10.0,2.759197324414716,24.7344970703125,3.862876254180602,19.256591796875,6.421404682274247,16.265869140625,,,20200621,20200621_013
311,44.2764975,T,-10.0,3.4113712374581935,24.2462158203125,4.5150501672240795,19.866943359375,,,,,20200621,20200621_013
313,44.561767499999995,T,-30.0,4.7157190635451505,24.078369140625,5.969899665551839,19.7601318359375,,,,,20200621,20200621_013
315,44.9125775,T,0.0,2.959866220735786,24.47509765625,4.013377926421405,19.5770263671875,,,,,20200621,20200621_013
317,45.217367499999995,T,40.0,2.4080267558528425,24.96337890625,3.4615384615384612,18.1121826171875,5.668896321070234,15.5487060546875,,,20200621,20200621_013
319,45.5497775,T,20.0,2.6086956521739126,24.658203125,3.6622073578595313,18.9208984375,5.919732441471572,15.2587890625,,,20200621,20200621_013
321,45.9188275,T,30.0,2.5083612040133776,24.0631103515625,3.5618729096989963,17.8680419921875,5.6187290969899655,14.6026611328125,,,20200621,20200621_013
329,47.267067499999996,T,5.0,2.8595317725752505,22.7813720703125,3.913043478260869,17.9290771484375,,,,,20200621,20200621_013
331,47.605777499999995,T,-20.0,4.013377926421405,21.759033203125,5.167224080267558,17.9595947265625,,,,,20200621,20200621_013
333,47.9454875,T,-40.0,7.826086956521738,20.965576171875,9.280936454849499,16.5863037109375,,,,,20200621,20200621_013
335,48.2682175,T,-5.0,3.060200668896321,20.4620361328125,4.1638795986622075,16.2506103515625,,,,,20200621,20200621_013
54,7.887367499999999,T,-40.0,,,,,,,,,20200621,20200621_015
56,8.204817499999999,T,40.0,3.812709030100334,22.4456787109375,5.518394648829432,16.29638671875,8.678929765886286,16.4337158203125,,,20200621,20200621_015
58,8.5277675,T,-10.0,,,,,,,,,20200621,20200621_015
60,8.829177499999998,T,-5.0,,,,,,,,,20200621,20200621_015
62,9.1436075,T,30.0,4.1638795986622075,22.2320556640625,6.471571906354515,15.411376953125,,,,,20200621,20200621_015
64,9.4434375,T,20.0,4.665551839464882,22.5372314453125,7.826086956521738,15.625,,,,,20200621,20200621_015
66,9.7121275,T,5.0,6.070234113712375,23.5595703125,,,,,,,20200621,20200621_015
68,9.9903175,T,-0.0,7.224080267558528,19.378662109375,,,,,,,20200621,20200621_015
70,10.2892075,T,-30.0,,,,,,,,,20200621,20200621_015
72,10.5813975,T,10.0,5.317725752508361,22.4761962890625,,,,,,,20200621,20200621_015
74,10.883547499999999,T,-20.0,,,,,,,,,20200621,20200621_015
82,12.053267499999999,T,-40.0,,,,,,,,,20200621,20200621_015
84,12.333817499999999,T,40.0,3.812709030100334,19.195556640625,5.518394648829432,14.984130859375,8.879598662207357,14.556884765625,,,20200621,20200621_015
86,12.6720075,T,-10.0,,,,,,,,,20200621,20200621_015
88,13.0036975,T,-5.0,10.03344481605351,14.7705078125,,,,,,,20200621,20200621_015
90,13.2938675,T,30.0,4.1638795986622075,18.61572265625,6.321070234113712,13.4429931640625,,,,,20200621,20200621_015
92,13.624157499999999,T,20.0,4.7157190635451505,19.439697265625,8.578595317725751,13.3514404296875,,,,,20200621,20200621_015
94,13.904347499999998,T,5.0,6.3712374581939795,18.61572265625,,,,,,,20200621,20200621_015
96,14.203897499999998,T,0.0,7.173913043478261,16.2811279296875,,,,,,,20200621,20200621_015
98,14.5513275,T,-30.0,,,,,,,,,20200621,20200621_015
100,14.875517499999999,T,10.0,5.518394648829432,18.8446044921875,,,,,,,20200621,20200621_015
102,15.204267499999998,T,-20.0,,,,,,,,,20200621,20200621_015
110,16.459127499999997,T,-40.0,,,,,,,,,20200621,20200621_015
112,16.802497499999998,T,40.0,3.812709030100334,14.3280029296875,5.568561872909698,12.481689453125,9.180602006688963,11.9781494140625,,,20200621,20200621_015
114,17.121567499999998,T,-10.0,,,,,,,,,20200621,20200621_015
116,17.425257499999997,T,-5.0,9.481605351170566,12.26806640625,,,,,,,20200621,20200621_015
118,17.7684075,T,30.0,4.1638795986622075,13.8397216796875,6.421404682274247,10.8642578125,,,,,20200621,20200621_015
120,18.1031175,T,20.0,4.7157190635451505,14.129638671875,8.779264214046822,10.711669921875,,,,,20200621,20200621_015
122,18.4240075,T,5.0,6.421404682274247,14.190673828125,,,,,,,20200621,20200621_015
124,18.744037499999997,T,-0.0,7.775919732441471,12.451171875,,,,,,,20200621,20200621_015
126,19.045747499999997,T,-30.0,,,,,,,,,20200621,20200621_015
128,19.363497499999998,T,10.0,5.668896321070234,14.404296875,,,,,,,20200621,20200621_015
130,19.677107499999998,T,-20.0,,,,,,,,,20200621,20200621_015
25,2.6267525,T,-20.0,,,,,,,,,20200621,20200621_016
27,2.8739825,T,10.0,4.7157190635451505,9.765625,6.7224080267558515,8.1329345703125,,,,,20200621,20200621_016
29,3.1439524999999997,T,40.0,3.5618729096989963,8.7738037109375,5.117056856187291,7.8125,7.023411371237458,7.0648193359375,11.387959866220735,8.8043212890625,20200621,20200621_016
31,3.4272424999999997,T,-10.0,7.173913043478261,10.3607177734375,,,,,,,20200621,20200621_016
33,3.7489924999999995,T,20.0,4.214046822742475,9.58251953125,5.869565217391304,8.23974609375,10.03344481605351,9.2315673828125,,,20200621,20200621_016
35,4.036662499999999,T,-0.0,5.719063545150501,10.2996826171875,,,,,,,20200621,20200621_016
37,4.331592499999999,T,-30.0,,,,,,,,,20200621,20200621_016
39,4.642962499999999,T,-5.0,6.070234113712375,11.016845703125,,,,,,,20200621,20200621_016
47,5.853342499999999,T,5.0,5.117056856187291,10.3607177734375,7.575250836120401,8.9874267578125,,,,,20200621,20200621_016
49,6.156992499999999,T,-40.0,,,,,,,,,20200621,20200621_016
51,6.4431625,T,30.0,3.812709030100334,9.4146728515625,5.468227424749164,8.4228515625,7.826086956521738,8.392333984375,,,20200621,20200621_016
53,6.761652499999999,T,-20.0,,,,,,,,,20200621,20200621_016
55,7.081342499999999,T,10.0,4.7157190635451505,9.8724365234375,6.77257525083612,8.97216796875,,,,,20200621,20200621_016
57,7.394652499999999,T,40.0,3.5618729096989963,9.3231201171875,5.167224080267558,8.514404296875,6.97324414715719,7.7972412109375,11.137123745819396,10.7269287109375,20200621,20200621_016
59,7.701202499999999,T,-10.0,7.173913043478261,10.6964111328125,,,,,,,20200621,20200621_016
61,8.0432525,T,20.0,4.113712374581939,9.185791015625,5.869565217391304,8.636474609375,,,,,20200621,20200621_016
