,Unnamed: 0,exptname,current_inj,onset_peak,offset_peak
0,0.0,20181213_002,19.09383201599121,21.209716796875,23.1170654296875
1,1.0,20181213_002,19.33797264099121,23.101806640625,24.200439453125
2,2.0,20181213_002,19.05314064025879,21.5911865234375,23.4832763671875
3,3.0,20181213_002,18.585205078125,21.6522216796875,23.4832763671875
4,4.0,20181213_002,20.233154296875,20.99609375,23.0560302734375
5,5.0,20181213_002,0.335693359375,0.1983642578125,0.244140625
6,6.0,20181213_002,-0.3153483867645264,-4.94384765625,-1.251220703125
7,7.0,20181213_002,-0.6917316913604736,-5.3558349609375,-2.0294189453125
8,8.0,20181213_002,0.4069011211395264,0.5340576171875,0.762939453125
9,9.0,20181213_002,-0.13224291801452634,-4.0283203125,-0.7171630859375
10,10.0,20181213_002,28.02530860900879,32.6385498046875,35.2630615234375
11,11.0,20181213_002,28.076171875,30.70831298828125,32.47833251953125
12,12.0,20181213_002,28.961181640625,32.00531005859375,34.62982177734375
13,13.0,20181213_002,28.656005859375,33.7371826171875,36.3311767578125
14,14.0,20181213_002,28.69669532775879,33.26416015625,34.912109375
15,15.0,20181213_002,28.13720703125,32.6995849609375,34.8358154296875
16,16.0,20181213_002,27.66927146911621,32.64617919921875,34.58404541015625
17,17.0,20181213_002,-0.152587890625,-4.08935546875,-0.8544921875
18,18.0,20181213_002,0.5391438007354736,-0.5340576171875,0.9918212890625
19,19.0,20181213_002,-0.732421875,-3.7841796875,-0.762939453125
20,20.0,20181213_002,37.42472457885742,38.39111328125,44.952392578125
21,21.0,20181213_002,37.872314453125,42.3583984375,43.6248779296875
22,22.0,20181213_002,37.78076171875,42.8466796875,42.1600341796875
23,23.0,20181213_002,38.50300979614258,41.259765625,44.3878173828125
24,24.0,20181213_002,38.02490234375,42.7398681640625,45.623779296875
25,25.0,20181213_002,38.421630859375,43.701171875,45.2117919921875
26,26.0,20181213_002,37.445068359375,43.426513671875,45.654296875
27,27.0,20181213_002,37.77058792114258,44.7998046875,46.7071533203125
28,28.0,20181213_002,38.00455856323242,42.9840087890625,46.5545654296875
29,29.0,20181213_002,38.65559768676758,43.7774658203125,46.5850830078125
30,0.0,20190107_003,-20.61971092224121,-5.9814453125,-5.9356689453125
31,1.0,20190107_003,-22.247314453125,-6.16455078125,-6.072998046875
32,2.0,20190107_003,-21.06730079650879,-6.2103271484375,-6.134033203125
33,3.0,20190107_003,-21.209716796875,-6.378173828125,-6.4849853515625
34,4.0,20190107_003,-20.60953712463379,-6.2255859375,-6.2713623046875
35,5.0,20190107_003,-21.21988868713379,-6.2103271484375,-6.072998046875
36,6.0,20190107_003,-21.29109764099121,-6.5765380859375,-6.744384765625
37,7.0,20190107_003,-21.31144142150879,-6.04248046875,-6.317138671875
38,8.0,20190107_003,-20.54850196838379,-8.1024169921875,-8.5906982421875
39,9.0,20190107_003,-21.43351173400879,-6.0272216796875,-6.072998046875
40,10.0,20190107_003,-21.70816993713379,-6.6375732421875,-6.9580078125
41,11.0,20190107_003,-20.82316017150879,-7.75146484375,-8.2244873046875
42,12.0,20190107_003,-21.19954490661621,-8.056640625,-8.48388671875
43,13.0,20190107_003,-21.01643943786621,-6.47735595703125,-6.79779052734375
44,14.0,20190107_003,-20.32470703125,-6.317138671875,-6.34765625
45,15.0,20190107_003,-20.76212501525879,-6.8206787109375,-7.0648193359375
46,16.0,20190107_003,-20.85367774963379,-7.31658935546875,-7.80487060546875
47,17.0,20190107_003,-20.24332618713379,-5.9967041015625,-5.4931640625
48,18.0,20190107_003,-21.04695701599121,-5.9661865234375,-6.1798095703125
49,19.0,20190107_003,-20.24332618713379,-6.3934326171875,-6.3018798828125
50,20.0,20190107_003,-20.82316017150879,-7.2021484375,-7.354736328125
51,21.0,20190107_003,-20.36539649963379,-5.92041015625,-4.5928955078125
52,22.0,20190107_003,-21.759033203125,-6.011962890625,-6.2255859375
53,23.0,20190107_003,-21.34195899963379,-6.1187744140625,-5.9967041015625
54,24.0,20190107_003,-20.95540428161621,-6.500244140625,-6.4849853515625
55,25.0,20190107_003,-21.484375,-5.8135986328125,-5.218505859375
56,26.0,20190107_003,-19.94832420349121,-6.0882568359375,-6.256103515625
57,27.0,20190107_003,-21.21988868713379,-6.8511962890625,-6.988525390625
58,28.0,20190107_003,-21.270751953125,-4.5013427734375,-5.340576171875
59,29.0,20190107_003,-20.06022071838379,-6.4849853515625,-6.2408447265625
60,30.0,20190107_003,-20.76212501525879,-7.415771484375,-7.62939453125
61,31.0,20190107_003,-20.73160743713379,-5.9661865234375,-6.317138671875
62,32.0,20190107_003,-18.99210548400879,-6.9427490234375,-7.14111328125
63,33.0,20190107_003,18.49365234375,7.232666015625,11.1846923828125
64,34.0,20190107_003,18.99210548400879,5.4473876953125,10.162353515625
65,35.0,20190107_003,19.61263084411621,10.6201171875,9.1552734375
66,36.0,20190107_003,19.83642578125,8.880615234375,6.7291259765625
67,37.0,20190107_003,18.45296287536621,10.2996826171875,7.293701171875
68,38.0,20190107_003,18.62589454650879,10.5438232421875,9.368896484375
69,39.0,20190107_003,18.96158790588379,5.43212890625,5.37109375
70,40.0,20190107_003,18.71744728088379,8.331298828125,6.2408447265625
71,41.0,20190107_003,18.768310546875,10.25390625,10.80322265625
72,42.0,20190107_003,18.4326171875,5.523681640625,5.55419921875
73,43.0,20190107_003,19.03279685974121,10.0250244140625,9.185791015625
74,44.0,20190107_003,18.61572265625,5.645751953125,5.5084228515625
75,45.0,20190107_003,18.50382423400879,5.5389404296875,5.340576171875
76,46.0,20190107_003,19.378662109375,5.3253173828125,5.43212890625
77,47.0,20190107_003,19.05314064025879,5.2947998046875,5.279541015625
78,48.0,20190107_003,27.618408203125,7.2479248046875,7.049560546875
79,49.0,20190107_003,28.13720703125,8.7432861328125,9.2620849609375
80,50.0,20190107_003,29.40877342224121,7.9498291015625,7.87353515625
81,51.0,20190107_003,27.7099609375,8.9111328125,8.4991455078125
82,52.0,20190107_003,27.85237693786621,7.843017578125,7.7362060546875
83,53.0,20190107_003,28.43221092224121,8.758544921875,8.5601806640625
84,54.0,20190107_003,27.99479103088379,7.2784423828125,6.7901611328125
85,55.0,20190107_003,37.11954879760742,11.077880859375,11.1846923828125
86,56.0,20190107_003,38.03507614135742,15.350341796875,15.0604248046875
87,57.0,20190107_003,38.299560546875,10.9405517578125,10.8795166015625
88,58.0,20190107_003,37.39420700073242,10.6658935546875,10.711669921875
89,59.0,20190107_003,37.69938278198242,10.8795166015625,11.0321044921875
90,60.0,20190107_003,38.2080078125,11.0931396484375,11.3067626953125
91,61.0,20190107_003,47.943115234375,12.87841796875,12.6953125
92,62.0,20190107_003,46.73258590698242,13.763427734375,13.671875
93,63.0,20190107_003,47.53621292114258,14.2974853515625,18.49365234375
94,64.0,20190107_003,47.088623046875,13.9312744140625,13.702392578125
95,65.0,20190107_003,47.66845703125,13.97705078125,13.8092041015625
96,66.0,20190107_003,48.52294921875,13.885498046875,13.885498046875
97,67.0,20190107_003,48.431396484375,13.580322265625,13.6871337890625
98,68.0,20190107_003,56.07096481323242,16.510009765625,16.326904296875
99,69.0,20190107_003,57.20011520385742,16.54052734375,16.7694091796875
100,70.0,20190107_003,56.243896484375,16.7236328125,16.998291015625
101,71.0,20190107_003,56.10148239135742,16.815185546875,17.059326171875
102,72.0,20190107_003,56.44734573364258,17.1661376953125,17.1661376953125
103,73.0,20190107_003,61.23860549926758,17.669677734375,19.0582275390625
104,74.0,20190107_003,66.46728515625,19.256591796875,19.622802734375
105,75.0,20190107_003,66.070556640625,17.88330078125,17.5628662109375
106,76.0,20190107_003,66.162109375,20.0347900390625,19.7906494140625
107,77.0,20190107_003,66.81314849853516,17.608642578125,17.7001953125
108,78.0,20190107_003,67.76937103271484,20.2484130859375,20.4925537109375
109,79.0,20190107_003,67.169189453125,23.7579345703125,23.223876953125
110,80.0,20190107_003,61.44205856323242,16.9677734375,21.6064453125
111,81.0,20190107_003,75.0732421875,22.52197265625,26.6571044921875
112,82.0,20190107_003,75.67342376708984,22.3541259765625,22.3388671875
113,83.0,20190107_003,75.30721282958984,26.4434814453125,24.8260498046875
114,84.0,20190107_003,74.93082427978516,22.5830078125,22.6287841796875
115,85.0,20190107_003,75.20548248291016,22.1099853515625,22.1099853515625
116,86.0,20190107_003,80.79019927978516,24.23095703125,25.299072265625
117,87.0,20190107_003,85.30680084228516,25.9552001953125,26.4434814453125
118,88.0,20190107_003,86.80216217041016,25.177001953125,25.32958984375
119,89.0,20190107_003,85.46956634521484,25.20751953125,25.3448486328125
120,90.0,20190107_003,85.53060150146484,28.106689453125,26.1993408203125
121,91.0,20190107_003,85.19490814208984,25.32958984375,26.06201171875
122,92.0,20190107_003,84.70662689208984,25.45166015625,25.5126953125
123,93.0,20190107_003,85.63232421875,25.115966796875,25.3143310546875
124,94.0,20190107_003,0.13224291801452634,-0.18310546875,-0.4425048828125
125,95.0,20190107_003,0.4069011211395264,0.54931640625,0.4730224609375
126,96.0,20190107_003,-0.274658203125,-0.396728515625,-0.335693359375
127,97.0,20190107_003,0.4069011211395264,0.1068115234375,0.274658203125
128,98.0,20190107_003,0.4069011211395264,0.274658203125,0.2899169921875
129,99.0,20190107_003,-0.020345091819763184,-0.2593994140625,-0.091552734375
130,100.0,20190107_003,-0.3153482675552368,-0.5950927734375,-0.48828125
131,101.0,20190107_003,0.07120776176452638,0.06103515625,0.18310546875
132,102.0,20190107_003,0.5696613788604736,-0.18310546875,0.244140625
133,103.0,20190107_003,-0.11189770698547363,-0.2288818359375,-0.2899169921875
134,104.0,20190107_003,29.59187889099121,0.946044921875,25.1922607421875
135,105.0,20190107_003,95.95743560791016,28.3660888671875,28.8848876953125
136,106.0,20190107_003,96.93399810791016,29.388427734375,29.4647216796875
137,107.0,20190107_003,97.39176177978516,29.1900634765625,29.3426513671875
138,108.0,20190107_003,97.137451171875,29.6630859375,29.815673828125
139,109.0,20190107_003,96.98486328125,29.4342041015625,29.571533203125
140,110.0,20190107_003,99.12109375,33.477783203125,31.8450927734375
141,111.0,20190107_003,97.503662109375,29.3121337890625,29.3121337890625
142,112.0,20190107_003,95.98795318603516,28.5797119140625,28.50341796875
143,113.0,20190107_003,0.9663898944854736,0.5035400390625,0.3204345703125
144,114.0,20190107_003,-0.3153483867645264,-0.4425048828125,-0.5950927734375
145,115.0,20190107_003,-0.9256998300552368,-0.6256103515625,-0.762939453125
146,116.0,20190107_003,-0.152587890625,-0.457763671875,-0.4425048828125
147,117.0,20190107_003,0.30517578125,2.288818359375,0.06103515625
148,118.0,20190107_003,-0.3662109375,-0.274658203125,-0.030517578125
149,119.0,20190107_003,194.9971618652344,67.07763671875,59.4329833984375
150,120.0,20190107_003,195.4854278564453,57.464599609375,58.0291748046875
151,121.0,20190107_003,198.5982360839844,65.5517578125,59.051513671875
152,122.0,20190107_003,196.43148803710938,58.7005615234375,58.9752197265625
153,123.0,20190107_003,194.82421875,57.861328125,58.1817626953125
154,124.0,20190107_003,195.45492553710938,58.1512451171875,58.1512451171875
155,125.0,20190107_003,195.20062255859372,57.708740234375,57.7239990234375
156,126.0,20190107_003,194.9360809326172,57.952880859375,58.28857421875
157,127.0,20190107_003,195.2311248779297,57.403564453125,57.4493408203125
158,128.0,20190107_003,195.0378570556641,58.013916015625,58.197021484375
159,129.0,20190107_003,195.00733947753903,66.1468505859375,58.6700439453125
160,130.0,20190107_003,195.0785369873047,57.769775390625,58.746337890625
161,131.0,20190107_003,194.85472106933597,58.502197265625,66.497802734375
162,132.0,20190107_003,198.84234619140625,59.38720703125,59.539794921875
163,133.0,20190107_003,195.9940643310547,58.837890625,59.0057373046875
164,134.0,20190107_003,194.7835235595703,58.3038330078125,59.1278076171875
165,135.0,20190107_003,143.2596893310547,57.8155517578125,57.9986572265625
166,136.0,20190107_003,-0.16276037693023682,-0.3204345703125,-0.335693359375
167,137.0,20190107_003,0.3662109375,0.213623046875,0.0762939453125
168,138.0,20190107_003,-0.2237956523895264,-0.518798828125,-0.67138671875
169,139.0,20190107_003,-0.2644857168197632,-0.5950927734375,-0.7781982421875
170,140.0,20190107_003,0.16276049613952634,-0.48828125,-0.91552734375
171,141.0,20190107_003,-0.07120776176452638,-0.0152587890625,-0.030517578125
172,142.0,20190107_003,0.4679362773895264,-1.007080078125,-1.7547607421875
173,143.0,20190107_003,0.29500317573547363,0.823974609375,0.9307861328125
174,144.0,20190107_003,167.236328125,81.787109375,100.616455078125
175,145.0,20190107_003,292.1142578125,95.0927734375,85.6475830078125
176,146.0,20190107_003,291.0155944824219,94.1619873046875,87.1734619140625
177,147.0,20190107_003,291.6463317871094,93.4600830078125,87.4481201171875
178,148.0,20190107_003,291.1376953125,92.803955078125,87.493896484375
179,149.0,20190107_003,292.205810546875,93.0938720703125,88.7908935546875
180,150.0,20190107_003,292.0939025878906,91.339111328125,87.3870849609375
181,151.0,20190107_003,-0.518798828125,-0.2593994140625,-0.274658203125
182,152.0,20190107_003,0.5391438007354736,0.0457763671875,0.244140625
183,0.0,20190227_001,-10.325113296508787,-4.2877197265625,-4.2877197265625
184,1.0,20190227_001,-9.8419189453125,-4.33349609375,-4.33349609375
185,2.0,20190227_001,-19.58211326599121,-8.0413818359375,-8.026123046875
186,3.0,20190227_001,-18.717449188232425,-8.1634521484375,-8.1634521484375
187,4.0,20190227_001,-19.683837890625,-8.0108642578125,-8.0108642578125
188,5.0,20190227_001,0.025431275367736816,0.3204345703125,0.30517578125
189,6.0,20190227_001,-0.7375081777572632,-0.48828125,-0.4119873046875
190,7.0,20190227_001,-0.3306071162223816,-0.4730224609375,-0.4119873046875
191,8.0,20190227_001,17.87821388244629,7.965087890625,7.965087890625
192,9.0,20190227_001,18.590290069580078,8.11767578125,8.11767578125
193,10.0,20190227_001,27.0843505859375,11.7340087890625,11.5966796875
194,11.0,20190227_001,34.637451171875,15.7928466796875,15.716552734375
195,12.0,20190227_001,44.708251953125,19.71435546875,19.6990966796875
196,13.0,20190227_001,52.21049118041992,23.5443115234375,23.4222412109375
197,14.0,20190227_001,62.1795654296875,27.5115966796875,27.5115966796875
198,15.0,20190227_001,71.46199798583984,29.91485595703125,29.79278564453125
199,16.0,20190227_001,77.00601959228516,35.2935791015625,35.125732421875
200,17.0,20190227_001,0.5086263418197632,0.4119873046875,0.4119873046875
201,18.0,20190227_001,8.519490242004395,3.7384033203125,3.7384033203125
202,19.0,20190227_001,0.3560384213924408,0.274658203125,0.274658203125
203,20.0,20190227_001,99.7161865234375,41.07666015625,41.07666015625
204,0.0,20191218_005,-11.355336755514145,-6.591796875,-6.683349609375
205,1.0,20191218_005,-11.385091347619893,-6.439208984375,-6.34765625
206,2.0,20191218_005,-11.50207477621734,-6.5460205078125,-6.7138671875
207,3.0,20191218_005,-11.587271001189947,-6.4697265625,-6.866455078125
208,4.0,20191218_005,-11.510213371366262,-6.4697265625,-6.683349609375
209,5.0,20191218_005,-11.348469415679574,-6.2713623046875,-6.1798095703125
210,6.0,20191218_005,-11.43213827162981,-6.2103271484375,-6.6986083984375
211,7.0,20191218_005,9.902954334393145,5.462646484375,5.828857421875
212,8.0,20191218_005,9.471893426962195,5.4473876953125,5.3253173828125
213,9.0,20191218_005,9.753926424309613,5.2642822265625,5.5389404296875
214,10.0,20191218_005,19.28151468746364,13.9312744140625,11.2762451171875
215,11.0,20191218_005,18.910726066678762,10.6964111328125,10.6658935546875
216,12.0,20191218_005,19.30999802425504,10.711669921875,11.0931396484375
217,13.0,20191218_005,28.834023978561163,14.7857666015625,15.0299072265625
218,14.0,20191218_005,29.075115453451872,15.8233642578125,15.93017578125
219,15.0,20191218_005,38.32219634205103,21.1334228515625,20.5078125
220,16.0,20191218_005,38.55997696518897,21.0418701171875,20.7672119140625
221,17.0,20191218_005,48.01636096090078,26.8096923828125,23.1781005859375
222,18.0,20191218_005,48.24803676456213,31.5704345703125,23.162841796875
223,19.0,20191218_005,48.03899209946394,27.28271484375,23.773193359375
224,20.0,20191218_005,48.35688509047032,28.3050537109375,24.871826171875
225,21.0,20191218_005,57.673901319503784,33.3404541015625,27.252197265625
226,22.0,20191218_005,57.70721472799778,33.02001953125,26.641845703125
227,23.0,20191218_005,57.61388223618269,34.2254638671875,26.2451171875
228,24.0,20191218_005,57.719931937754154,33.26416015625,27.5115966796875
229,25.0,20191218_005,57.82089196145535,33.63037109375,27.3895263671875
230,0.0,20191218_007,9.647877886891363,6.011962890625,7.3699951171875
231,1.0,20191218_007,9.617105824872851,7.83538818359375,9.19342041015625
232,2.0,20191218_007,9.782918496057393,-2.532958984375,6.5155029296875
233,3.0,20191218_007,-11.482493719086053,-10.43701171875,-5.9967041015625
234,4.0,20191218_007,-11.231739772483706,-4.78363037109375,-6.44683837890625
235,5.0,20191218_007,-11.177571723237634,-3.82232666015625,-14.19830322265625
236,6.0,20191218_007,-11.394500033929946,2.9754638671875,3.2501220703125
237,7.0,20191218_007,9.6102396491915,5.645751953125,6.65283203125
238,8.0,20191218_007,9.834797820076345,6.3323974609375,7.3699951171875
239,9.0,20191218_007,9.600576013326645,9.70458984375,10.7879638671875
240,10.0,20191218_007,19.41502909176052,10.7421875,12.5579833984375
241,11.0,20191218_007,19.428507657721642,16.42608642578125,25.59661865234375
242,12.0,20191218_007,19.248453900218014,11.260986328125,14.3585205078125
243,13.0,20191218_007,19.280751002952453,15.86151123046875,12.94708251953125
244,14.0,20191218_007,28.990937862545252,18.4783935546875,23.0560302734375
245,15.0,20191218_007,37.060037720948465,24.749755859375,28.5797119140625
246,16.0,20191218_007,38.47452811896801,18.768310546875,28.7322998046875
247,17.0,20191218_007,38.66297425702214,20.0042724609375,28.3966064453125
248,18.0,20191218_007,38.455964531749494,25.1312255859375,28.8543701171875
249,19.0,20191218_007,38.572691846638925,33.22601318359375,36.14044189453125
250,20.0,20191218_007,38.46460953354836,25.421142578125,29.6630859375
251,0.0,20191218_009,-11.76757737994194,-3.90625,-4.1351318359375
252,1.0,20191218_009,-11.747995158657432,-3.90625,-4.1351318359375
253,2.0,20191218_009,10.088603012263775,3.4942626953125,3.5858154296875
254,3.0,20191218_009,10.022735223174095,3.387451171875,3.60107421875
255,4.0,20191218_009,18.955484265461568,6.256103515625,6.34765625
256,5.0,20191218_009,19.455973524600264,9.58251953125,6.8359375
257,6.0,20191218_009,28.857928700745106,21.209716796875,10.009765625
258,7.0,20191218_009,28.76408863812685,9.7503662109375,9.9334716796875
259,8.0,20191218_009,38.334655109792955,12.786865234375,13.153076171875
260,9.0,20191218_009,38.446045946329825,13.0157470703125,13.275146484375
261,10.0,20191218_009,48.50412718951702,14.59503173828125,14.70184326171875
262,11.0,20191218_009,48.24015311896801,27.9693603515625,16.7388916015625
263,12.0,20191218_009,57.77664016932249,19.4549560546875,31.5093994140625
264,13.0,20191218_009,57.721203193068504,19.1497802734375,19.7296142578125
265,14.0,20191218_009,67.10383109748363,22.491455078125,23.01025390625
266,15.0,20191218_009,67.16105155646801,22.4761962890625,22.88818359375
267,16.0,20191218_009,48.38104359805584,16.143798828125,16.4337158203125
268,17.0,20191218_009,76.75603032112122,25.665283203125,25.6805419921875
269,18.0,20191218_009,86.3037072122097,28.9764404296875,29.4036865234375
270,19.0,20191218_009,0.2108246553689241,0.091552734375,0.0457763671875
271,20.0,20191218_009,98.36425073444843,33.7066650390625,34.5001220703125
272,21.0,20191218_009,98.155215382576,33.8592529296875,34.210205078125
273,22.0,20191218_009,198.272205889225,80.7342529296875,74.2950439453125
274,23.0,20191218_009,198.55396822094917,80.74951171875,74.27978515625
275,24.0,20191218_009,0.1197808887809515,0.1220703125,0.1220703125
276,25.0,20191218_009,0.008899951353669167,0.2288818359375,0.1678466796875
277,26.0,20191218_009,-0.06332411430776119,-0.1983642578125,-0.1220703125
278,27.0,20191218_009,-0.2881372347474098,-0.2593994140625,-0.1373291015625
279,28.0,20191218_009,0.08265138603746891,0.1373291015625,0.18310546875
280,29.0,20191218_009,98.20912964642048,36.041259765625,33.5845947265625
281,30.0,20191218_009,108.30103419721128,42.0074462890625,38.6810302734375
282,31.0,20191218_009,108.4592193365097,41.259765625,51.4984130859375
283,32.0,20191218_009,117.83345602452756,48.4619140625,50.4608154296875
284,33.0,20191218_009,117.71570891141891,50.1251220703125,40.7867431640625
285,34.0,20191218_009,127.35366821289062,60.821533203125,44.8455810546875
286,35.0,20191218_009,127.46302410960196,57.92236328125,42.3126220703125
287,36.0,20191218_009,136.82938180863854,65.1397705078125,49.6978759765625
288,37.0,20191218_009,136.9862910360098,65.643310546875,49.713134765625
289,38.0,20191218_009,147.0685377717018,68.8018798828125,54.443359375
290,39.0,20191218_009,146.52378857135773,67.7032470703125,55.908203125
291,40.0,20191218_009,0.3438314888626337,11.444091796875,0.244140625
292,41.0,20191218_009,0.0958761665970087,0.1678466796875,11.688232421875
293,0.0,20200113_003,-21.31373155862093,-6.561279296875,-6.4849853515625
294,1.0,20200113_003,-21.358488593250517,-6.53076171875,-6.805419921875
295,2.0,20200113_003,19.104258390143517,14.2974853515625,14.2059326171875
296,3.0,20200113_003,9.599558543413877,3.47900390625,3.2958984375
297,4.0,20200113_003,9.951273677870633,3.936767578125,4.119873046875
298,5.0,20200113_003,9.690348524600267,4.119873046875,4.4403076171875
299,6.0,20200113_003,19.28456593304873,13.214111328125,13.214111328125
300,7.0,20200113_003,19.342041341587898,12.2833251953125,7.1563720703125
301,8.0,20200113_003,28.884888160973787,16.357421875,15.3350830078125
302,9.0,20200113_003,38.36135845631361,18.157958984375,17.8985595703125
303,10.0,20200113_003,48.23430441319943,21.2860107421875,20.904541015625
304,11.0,20200113_003,57.68788512796164,22.8271484375,23.590087890625
305,12.0,20200113_003,67.22412072122097,25.9246826171875,26.1688232421875
306,13.0,20200113_003,76.72729436308146,27.77099609375,27.9998779296875
307,14.0,20200113_003,86.68924681842327,30.731201171875,30.1055908203125
308,15.0,20200113_003,-0.1902261283248663,-0.213623046875,0.0
309,16.0,20200113_003,98.59289042651652,32.40966796875,32.2113037109375
310,17.0,20200113_003,108.51898230612278,34.8052978515625,34.881591796875
311,18.0,20200113_003,118.09183284640312,36.6668701171875,36.3006591796875
312,19.0,20200113_003,127.54719704389572,37.59765625,38.1622314453125
313,20.0,20200113_003,137.19253242015841,40.8477783203125,39.8101806640625
314,21.0,20200113_003,146.8376163393259,42.449951171875,42.0684814453125
315,22.0,20200113_003,156.38986602425575,44.952392578125,45.013427734375
316,23.0,20200113_003,165.89533537626266,49.102783203125,49.2706298828125
317,24.0,20200113_003,175.35630613565445,51.788330078125,52.3681640625
318,25.0,20200113_003,185.44742837548256,55.1300048828125,54.3670654296875
319,26.0,20200113_003,98.33374060690404,33.75244140625,34.3170166015625
320,27.0,20200113_003,198.78769293427467,59.6923828125,59.1278076171875
321,28.0,20200113_003,297.3093837499618,84.6405029296875,83.1146240234375
322,0.0,20200113_004,-11.255391873419283,-3.570556640625,-3.5858154296875
323,1.0,20200113_004,9.708150173537431,3.1585693359375,2.9144287109375
324,2.0,20200113_004,19.076537573710088,6.0882568359375,5.645751953125
325,3.0,20200113_004,29.147083405405283,8.4686279296875,7.904052734375
326,4.0,20200113_004,38.351949770003564,11.04736328125,10.467529296875
327,5.0,20200113_004,48.07078279554844,13.0462646484375,13.275146484375
328,6.0,20200113_004,57.76748526841402,16.0369873046875,15.3045654296875
329,7.0,20200113_004,67.23048165440561,16.9525146484375,13.48876953125
330,8.0,20200113_004,76.76900364458561,21.4996337890625,20.0347900390625
331,9.0,20200113_004,86.81004866957664,24.0325927734375,21.1029052734375
332,10.0,20200113_004,0.095367431640625,0.213623046875,0.2899169921875
333,11.0,20200113_004,98.48047979176044,26.214599609375,29.022216796875
334,12.0,20200113_004,117.93594807386398,31.1279296875,29.0069580078125
335,13.0,20200113_004,137.20931485295296,36.5447998046875,31.982421875
336,14.0,20200113_004,156.41275793313983,41.2445068359375,38.2843017578125
337,15.0,20200113_004,175.71106553077698,46.56982421875,40.3289794921875
338,16.0,20200113_004,98.5997449606657,25.5126953125,24.017333984375
339,17.0,20200113_004,198.8477073609829,50.4302978515625,58.41064453125
340,18.0,20200113_004,218.245442956686,53.16162109375,51.6357421875
341,19.0,20200113_004,218.0684357881546,52.9632568359375,49.62158203125
342,20.0,20200113_004,227.8444916009903,55.877685546875,50.8880615234375
343,21.0,20200113_004,227.76108235120773,55.0994873046875,49.0264892578125
344,22.0,20200113_004,237.1521107852459,56.9610595703125,53.0853271484375
345,23.0,20200113_004,256.44734501838684,63.1866455078125,55.419921875
346,24.0,20200113_004,256.27568364143366,62.9119873046875,57.1136474609375
347,25.0,20200113_004,265.8650651574135,64.1632080078125,60.0128173828125
348,26.0,20200113_004,285.26408597826963,66.6046142578125,62.103271484375
349,27.0,20200113_004,198.7017318606377,47.1649169921875,41.2139892578125
350,0.0,20200225_000,9.450785582885146,9.9945068359375,10.4827880859375
351,1.0,20200225_000,19.225566647946838,19.3328857421875,20.3094482421875
352,2.0,20200225_000,19.023385830223557,18.8140869140625,19.1650390625
353,3.0,20200225_000,28.94566860049963,26.79443359375,26.85546875
354,4.0,20200225_000,28.81673164665699,27.4200439453125,27.3895263671875
355,5.0,20200225_000,38.583630230277784,35.3240966796875,34.7900390625
356,6.0,20200225_000,48.20709582418203,41.5191650390625,39.0167236328125
357,7.0,20200225_000,57.546235620975494,44.5404052734375,42.90771484375
358,8.0,20200225_000,67.29532964527607,48.6907958984375,45.7305908203125
359,9.0,20200225_000,-0.15462253941223025,0.06103515625,-0.152587890625
360,10.0,20200225_000,-11.641185265034435,-13.6871337890625,-14.923095703125
361,11.0,20200225_000,-11.663563782349227,-13.48876953125,-15.167236328125
362,12.0,20200225_000,-11.550139170140028,-13.5498046875,-14.6331787109375
363,13.0,20200225_000,-11.331175919622185,-14.068603515625,-15.8843994140625
364,0.0,20200226_002,-11.792753219604492,-6.8817138671875,-7.598876953125
365,1.0,20200226_002,-12.090555191040039,-6.927490234375,-7.6751708984375
366,2.0,20200226_002,-11.937713623046875,-6.9427490234375,-7.6446533203125
367,3.0,20200226_002,-11.773429870605467,-6.8817138671875,-7.5531005859375
368,4.0,20200226_002,-11.801399230957033,-6.9122314453125,-7.6141357421875
369,5.0,20200226_002,4.3584184646606445,4.5013427734375,4.8065185546875
370,6.0,20200226_002,-11.545816421508787,-6.4544677734375,-6.4239501953125
371,7.0,20200226_002,1.3290395736694336,7.9803466796875,3.4637451171875
372,8.0,20200226_002,-11.688995361328125,-6.9122314453125,-6.8817138671875
373,9.0,20200226_002,0.12842845916748047,4.241943359375,-0.2288818359375
374,10.0,20200226_002,-11.862438201904295,-3.6163330078125,-5.0048828125
375,11.0,20200226_002,-11.691795349121096,-6.591796875,-5.9356689453125
376,12.0,20200226_002,-11.940765380859375,-6.744384765625,-7.4920654296875
377,13.0,20200226_002,-11.781312942504885,-4.913330078125,-5.096435546875
378,14.0,20200226_002,-11.772666931152346,-4.9285888671875,-5.1422119140625
379,15.0,20200226_002,-11.805215835571287,-5.0201416015625,-5.218505859375
380,16.0,20200226_002,-11.847175598144533,-4.913330078125,-5.096435546875
381,17.0,20200226_002,-11.918893814086914,-5.401611328125,-5.645751953125
382,18.0,20200226_002,-11.699167251586914,-4.45556640625,-4.1351318359375
383,19.0,20200226_002,-11.494192123413086,-5.2337646484375,-5.5999755859375
384,20.0,20200226_002,-11.801910400390625,-4.9285888671875,-5.157470703125
385,21.0,20200226_002,-11.923471450805664,-4.913330078125,-5.218505859375
386,22.0,20200226_002,-11.683401107788086,-5.0048828125,-5.3253173828125
387,23.0,20200226_002,-11.512247085571287,-3.509521484375,-5.035400390625
388,24.0,20200226_002,-11.999258041381836,-5.1116943359375,-5.4931640625
389,25.0,20200226_002,-11.889646530151367,-4.6234130859375,-4.913330078125
390,26.0,20200226_002,-11.8011474609375,-4.730224609375,-4.9285888671875
391,27.0,20200226_002,-11.879983901977539,-4.7454833984375,-4.8980712890625
392,28.0,20200226_002,-11.717985153198242,-5.1116943359375,-5.3558349609375
393,29.0,20200226_002,-11.895751953125,-4.9896240234375,-5.126953125
394,30.0,20200226_002,-11.91889190673828,-4.8980712890625,-5.1422119140625
395,31.0,20200226_002,-11.884561538696287,-3.2806396484375,-4.94384765625
396,32.0,20200226_002,-11.963397979736328,-4.791259765625,-5.2032470703125
397,33.0,20200226_002,-11.905670166015625,-4.69970703125,-5.06591796875
398,34.0,20200226_002,-11.999256134033205,-5.035400390625,-5.3558349609375
399,35.0,20200226_002,-11.614992141723633,-4.8980712890625,-4.974365234375
400,36.0,20200226_002,-11.73858642578125,-4.9591064453125,-5.06591796875
401,37.0,20200226_002,-11.934913635253904,-4.8828125,-5.0201416015625
402,38.0,20200226_002,-11.708322525024414,-5.0506591796875,-4.8828125
403,39.0,20200226_002,-11.908468246459961,-4.8065185546875,-5.06591796875
404,40.0,20200226_002,-11.978912353515625,-4.7454833984375,-5.0048828125
405,41.0,20200226_002,-11.822256088256836,-5.5389404296875,-5.828857421875
406,42.0,20200226_002,-11.912029266357422,-4.8828125,-5.0811767578125
407,43.0,20200226_002,-11.865488052368164,-4.94384765625,-5.2642822265625
408,44.0,20200226_002,-11.826578140258787,-4.8370361328125,-5.279541015625
409,45.0,20200226_002,9.437307357788086,4.57763671875,4.82177734375
410,46.0,20200226_002,9.572854995727539,4.0740966796875,4.7760009765625
411,47.0,20200226_002,9.59320068359375,4.2724609375,4.302978515625
412,48.0,20200226_002,9.466806411743164,3.7841796875,3.753662109375
413,49.0,20200226_002,9.618631362915039,2.58636474609375,1.97601318359375
414,50.0,20200226_002,9.482320785522461,4.82177734375,5.06591796875
415,51.0,20200226_002,9.549966812133787,4.2877197265625,4.4708251953125
416,52.0,20200226_002,9.46502685546875,4.2724609375,4.6234130859375
417,53.0,20200226_002,9.678140640258787,4.241943359375,6.2255859375
418,54.0,20200226_002,18.999481201171875,8.30078125,8.331298828125
419,55.0,20200226_002,19.11163330078125,8.087158203125,7.965087890625
420,56.0,20200226_002,19.510395050048828,8.148193359375,9.674072265625
421,57.0,20200226_002,19.11366844177246,8.11767578125,8.056640625
422,58.0,20200226_002,19.110107421875,7.9498291015625,8.4075927734375
423,59.0,20200226_002,19.126384735107425,8.1634521484375,10.2996826171875
424,60.0,20200226_002,19.1131591796875,8.2244873046875,8.392333984375
425,61.0,20200226_002,19.08111572265625,8.3770751953125,8.7890625
426,62.0,20200226_002,18.97226905822754,8.270263671875,10.4522705078125
427,63.0,20200226_002,19.193775177001953,8.4228515625,8.5601806640625
428,64.0,20200226_002,19.050344467163086,8.056640625,7.9498291015625
429,65.0,20200226_002,28.808847427368164,12.298583984375,12.51220703125
430,66.0,20200226_002,28.696186065673828,12.2833251953125,12.847900390625
431,67.0,20200226_002,28.894296646118164,16.1895751953125,12.6495361328125
432,68.0,20200226_002,28.723907470703125,12.20703125,12.451171875
433,69.0,20200226_002,28.67660522460937,12.0849609375,12.3748779296875
434,70.0,20200226_002,28.712465286254886,12.237548828125,12.26806640625
435,71.0,20200226_002,28.93168067932129,12.14599609375,12.8936767578125
436,72.0,20200226_002,28.69898223876953,16.143798828125,12.8021240234375
437,73.0,20200226_002,28.770193099975586,12.237548828125,12.7105712890625
438,74.0,20200226_002,26.19527244567871,12.1917724609375,11.993408203125
439,75.0,20200226_002,38.384498596191406,16.4794921875,16.2200927734375
440,76.0,20200226_002,38.13578414916992,16.2353515625,16.8304443359375
441,77.0,20200226_002,38.3359260559082,16.1590576171875,16.571044921875
442,78.0,20200226_002,38.25251388549805,16.2353515625,16.021728515625
443,79.0,20200226_002,38.36186599731445,16.4642333984375,16.8609619140625
444,80.0,20200226_002,38.40739059448242,16.204833984375,16.54052734375
445,81.0,20200226_002,38.35220336914063,16.1590576171875,16.6473388671875
446,82.0,20200226_002,38.26217651367188,16.387939453125,20.9197998046875
447,83.0,20200226_002,38.17570877075195,16.05224609375,16.265869140625
448,84.0,20200226_002,38.23674774169922,16.0980224609375,18.98193359375
449,85.0,20200226_002,38.38093948364258,16.05224609375,17.364501953125
450,86.0,20200226_002,48.0987548828125,20.01953125,19.866943359375
451,87.0,20200226_002,48.20785522460938,20.355224609375,20.44677734375
452,88.0,20200226_002,48.00288391113281,20.0347900390625,19.287109375
453,89.0,20200226_002,48.06315231323242,20.4620361328125,20.44677734375
454,90.0,20200226_002,47.9741439819336,20.9503173828125,20.477294921875
455,91.0,20200226_002,48.1600456237793,20.3857421875,26.0162353515625
456,92.0,20200226_002,47.82231521606445,20.5841064453125,19.8822021484375
457,93.0,20200226_002,48.00059127807617,18.524169921875,18.310546875
458,94.0,20200226_002,48.0776481628418,20.2789306640625,20.355224609375
459,95.0,20200226_002,48.00059127807617,20.32470703125,19.7601318359375
460,96.0,20200226_002,47.9278564453125,20.477294921875,20.32470703125
461,97.0,20200226_002,49.65031814575195,20.294189453125,23.895263671875
462,98.0,20200226_002,57.6324462890625,26.85546875,23.9410400390625
463,99.0,20200226_002,57.60014343261719,25.1617431640625,23.98681640625
464,100.0,20200226_002,57.69093704223633,24.810791015625,24.169921875
465,101.0,20200226_002,57.59226989746094,25.390625,24.261474609375
466,102.0,20200226_002,57.49893188476562,24.322509765625,24.3682861328125
467,103.0,20200226_002,57.62583541870117,24.4293212890625,22.9339599609375
468,104.0,20200226_002,57.70823287963867,24.23095703125,23.956298828125
469,105.0,20200226_002,57.60650634765625,24.7802734375,23.712158203125
470,106.0,20200226_002,57.49943923950195,24.7955322265625,23.98681640625
471,107.0,20200226_002,57.61286163330078,24.139404296875,23.345947265625
472,108.0,20200226_002,57.57777404785156,24.810791015625,24.017333984375
473,109.0,20200226_002,67.10968017578125,28.228759765625,27.6336669921875
474,110.0,20200226_002,67.12468719482422,32.9437255859375,25.9246826171875
475,111.0,20200226_002,67.08730316162111,29.1595458984375,27.6031494140625
476,112.0,20200226_002,67.2332763671875,29.0679931640625,27.191162109375
477,113.0,20200226_002,67.33754730224611,28.89251708984375,27.73284912109375
478,114.0,20200226_002,67.21217346191406,28.7322998046875,27.3284912109375
479,115.0,20200226_002,67.33068084716797,29.3426513671875,27.130126953125
480,116.0,20200226_002,67.21649169921875,28.5186767578125,27.1148681640625
481,117.0,20200226_002,65.50572967529297,31.3568115234375,26.947021484375
482,118.0,20200226_002,76.64006805419922,33.0963134765625,30.6396484375
483,119.0,20200226_002,76.7115249633789,33.6456298828125,27.52685546875
484,120.0,20200226_002,76.62378692626953,32.7301025390625,29.388427734375
485,121.0,20200226_002,76.66727447509766,34.1644287109375,30.029296875
486,122.0,20200226_002,76.62352752685547,34.271240234375,29.266357421875
487,123.0,20200226_002,79.4428482055664,33.7066650390625,33.3709716796875
488,124.0,20200226_002,86.4618911743164,39.12353515625,33.14208984375
489,125.0,20200226_002,86.53565216064453,39.031982421875,33.7066650390625
490,126.0,20200226_002,86.57989501953125,39.5660400390625,32.989501953125
491,127.0,20200226_002,86.59210968017578,38.87939453125,34.1033935546875
492,128.0,20200226_002,0.2685546875,0.244140625,3.9520263671875
493,129.0,20200226_002,-0.02772045135498047,-0.152587890625,-0.1220703125
494,130.0,20200226_002,-0.008901596069335938,-0.6866455078125,-0.9918212890625
495,131.0,20200226_002,-0.0328059196472168,-0.1220703125,0.06103515625
496,132.0,20200226_002,-0.03382301330566406,-0.457763671875,-0.5340576171875
497,133.0,20200226_002,-0.03229808807373047,-0.213623046875,-0.9002685546875
498,134.0,20200226_002,0.1617431640625,0.1068115234375,0.30517578125
499,135.0,20200226_002,0.26092529296875,3.8604736328125,0.5645751953125
500,136.0,20200226_002,-0.02314281463623047,-0.30517578125,-0.30517578125
501,0.0,20200312_002,-32.36083602905273,-15.6707763671875,-17.730712890625
502,1.0,20200312_002,-32.60040283203125,-16.021728515625,-18.157958984375
503,2.0,20200312_002,-32.72552490234375,-15.8843994140625,-18.0511474609375
504,3.0,20200312_002,-32.2906494140625,-15.5181884765625,-17.822265625
505,4.0,20200312_002,-32.33795166015625,-15.899658203125,-18.2647705078125
506,5.0,20200312_002,-26.08337211608887,-12.1307373046875,-14.2974853515625
507,6.0,20200312_002,-25.74005126953125,-12.3443603515625,-14.16015625
508,7.0,20200312_002,-16.94183349609375,-7.7362060546875,-9.3536376953125
509,8.0,20200312_002,-9.7900390625,-3.6773681640625,-5.279541015625
510,9.0,20200312_002,-9.503173828125,-3.41796875,-4.8675537109375
511,10.0,20200312_002,0.9033203125,3.021240234375,1.708984375
512,11.0,20200312_002,-0.36468505859375,0.1068115234375,0.18310546875
513,12.0,20200312_002,-0.02288818359375,0.335693359375,0.42724609375
514,13.0,20200312_002,-0.0518798828125,0.1220703125,0.640869140625
515,14.0,20200312_002,-0.5401611328125,0.1983642578125,0.3814697265625
516,15.0,20200312_002,0.25634765625,2.7618408203125,1.52587890625
517,16.0,20200312_002,0.07476806640625,2.8076171875,1.5106201171875
518,17.0,20200312_002,0.1495361328125,3.173828125,1.8310546875
519,18.0,20200312_002,7.5531005859375,6.317138671875,5.828857421875
520,19.0,20200312_002,14.9993896484375,10.21575927734375,10.06317138671875
521,20.0,20200312_002,15.3350830078125,10.87188720703125,9.98687744140625
522,21.0,20200312_002,23.05602836608887,15.625,14.3280029296875
523,22.0,20200312_002,17.19970703125,7.75909423828125,16.15142822265625
524,23.0,20200312_002,30.55419731140137,19.3634033203125,18.1121826171875
525,24.0,20200312_002,30.670167922973636,18.4478759765625,18.6004638671875
526,25.0,20200312_002,30.40008544921875,22.491455078125,18.3868408203125
527,26.0,20200312_002,38.8641357421875,33.111572265625,22.0947265625
528,27.0,20200312_002,38.201904296875,31.7535400390625,22.27783203125
529,28.0,20200312_002,38.30413818359375,29.79278564453125,21.73614501953125
530,29.0,20200312_002,38.37737655639648,25.2532958984375,22.2320556640625
531,30.0,20200312_002,39.549259185791016,26.275634765625,24.4903564453125
532,31.0,20200312_002,38.56048583984375,28.50341796875,21.5911865234375
533,32.0,20200312_002,38.304141998291016,29.0679931640625,20.9503173828125
534,33.0,20200312_002,38.322452545166016,27.4658203125,19.805908203125
535,34.0,20200312_002,39.09912109375,25.1007080078125,25.0396728515625
536,35.0,20200312_002,38.916011810302734,21.6217041015625,21.5606689453125
537,36.0,20200312_002,41.07666015625,24.7039794921875,23.25439453125
538,37.0,20200312_002,46.240234375,31.3262939453125,33.0657958984375
539,38.0,20200312_002,46.54693603515625,40.6951904296875,22.6898193359375
540,39.0,20200312_002,46.11968994140625,36.53717041015625,22.75848388671875
541,40.0,20200312_002,45.59173583984375,40.5120849609375,22.6898193359375
542,41.0,20200312_002,46.5423583984375,29.8919677734375,27.1759033203125
543,42.0,20200312_002,46.93145751953125,29.22821044921875,25.65765380859375
544,43.0,20200312_002,46.06628799438477,40.03143310546875,23.62823486328125
545,44.0,20200312_002,46.65221786499024,42.388916015625,21.3623046875
546,45.0,20200312_002,46.43706893920898,32.7301025390625,31.982421875
547,46.0,20200312_002,45.6878662109375,39.4439697265625,21.3470458984375
548,47.0,20200312_002,53.668212890625,48.675537109375,24.4140625
549,48.0,20200312_002,54.17327880859375,40.0390625,24.1851806640625
550,49.0,20200312_002,53.9093017578125,47.760009765625,24.322509765625
551,50.0,20200312_002,53.63616943359375,49.9420166015625,24.7955322265625
0,,20170206_003,-12.290955055505037,-12.8326416015625,-14.4805908203125
1,,20170206_003,-12.222289806231856,-6.561279296875,-11.9171142578125
2,,20170206_003,-12.313842307776213,-11.505126953125,-12.237548828125
3,,20170206_003,-12.802124256268144,-8.2855224609375,-12.908935546875
4,,20170206_003,-12.748718727380037,-11.4898681640625,-11.2762451171875
5,,20170206_003,-12.70294189453125,-9.2620849609375,-11.444091796875
6,,20170206_003,-12.382506392896175,-9.979248046875,-11.71875
7,,20170206_003,-13.061524368822575,-15.960693359375,-19.073486328125
8,,20170206_003,-12.657165061682463,-10.2691650390625,-12.14599609375
9,,20170206_003,-12.634277809411287,-10.25390625,-12.0849609375
10,,20170206_003,-13.145445846021175,-15.106201171875,-13.885498046875
11,,20170206_003,-12.55035400390625,-11.993408203125,-13.6566162109375
12,,20170206_003,8.255005232058465,2.69317626953125,4.03594970703125
13,,20170206_003,8.377075428143144,8.758544921875,10.528564453125
14,,20170206_003,8.255004649981856,16.8914794921875,9.3994140625
15,,20170206_003,8.644104236736894,8.270263671875,10.040283203125
16,,20170206_003,8.73565673828125,4.46319580078125,15.37322998046875
17,,20170206_003,8.522033458575606,6.134033203125,8.3770751953125
18,,20170206_003,15.541077591478825,8.4228515625,25.2838134765625
19,,20170206_003,18.531798850744963,15.716552734375,23.529052734375
20,,20170206_003,17.829894786700606,17.08984375,19.0887451171875
21,,20170206_003,18.394470680505037,15.655517578125,19.8211669921875
22,,20170206_003,18.142699263989925,17.669677734375,19.622802734375
23,,20170206_003,18.287658458575606,13.0615234375,23.345947265625
24,,20170206_003,18.0816650390625,16.27349853515625,33.69903564453125
25,,20170206_003,18.363952403888106,21.453857421875,21.05712890625
26,,20170206_003,18.508911598473787,17.8070068359375,26.947021484375
27,,20170206_003,18.066406482830644,15.1214599609375,20.1263427734375
28,,20170206_003,18.852234352380037,24.810791015625,39.9017333984375
29,,20170206_003,27.481080032885075,24.7650146484375,26.79443359375
30,,20170206_003,27.35137939453125,30.8990478515625,31.5093994140625
31,,20170206_003,27.73284912109375,25.665283203125,38.6962890625
32,,20170206_003,27.58026123046875,22.613525390625,32.5469970703125
33,,20170206_003,27.96173095703125,26.5350341796875,39.7186279296875
34,,20170206_003,18.035888206213713,15.8538818359375,18.2342529296875
35,,20170206_003,18.676756881177425,16.0980224609375,19.500732421875
0,,20170502_002,27.83966064453125,28.7017822265625,35.430908203125
1,,20170502_002,27.4658203125,29.449462890625,35.186767578125
2,,20170502_002,29.31976318359375,29.4189453125,34.881591796875
3,,20170502_002,37.7655029296875,38.1011962890625,46.81396484375
4,,20170502_002,36.92626953125,39.83306884765625,51.97906494140625
5,,20170502_002,37.841796875,25.5889892578125,50.2471923828125
6,,20170502_002,37.872314453125,29.571533203125,48.2025146484375
7,,20170502_002,46.81396484375,49.0570068359375,59.814453125
8,,20170502_002,48.027042388916016,48.553466796875,58.7158203125
9,,20170502_002,47.538761138916016,48.03466796875,58.868408203125
10,,20170502_002,37.04833984375,44.56329345703125,53.68804931640625
11,,20170502_002,17.1051025390625,19.69146728515625,23.71978759765625
12,,20170502_002,18.768310546875,19.92034912109375,23.15521240234375
13,,20170502_002,17.43316650390625,19.5465087890625,21.881103515625
0,,20170912_005,-22.385406494140625,-15.045166015625,-16.7236328125
1,,20170912_005,10.73150634765625,0.213623046875,15.6402587890625
2,,20170912_005,18.090057373046875,13.9617919921875,15.4571533203125
3,,20170912_005,18.2373046875,14.5416259765625,15.1214599609375
4,,20170912_005,27.457427978515625,21.331787109375,23.284912109375
5,,20170912_005,37.41836929321289,28.7933349609375,31.1737060546875
6,,20170912_005,37.338253021240234,28.3203125,30.4718017578125
7,,20170912_005,-41.77322006225586,-29.3121337890625,-33.660888671875
8,,20170912_005,-33.538055419921875,-25.2838134765625,-25.7110595703125
9,,20170912_005,-22.470090866088867,-16.7083740234375,-16.5252685546875
10,,20170912_005,-22.232053756713867,-16.357421875,-17.7459716796875
11,,20170912_005,-22.286989212036133,-17.9595947265625,-17.8680419921875
12,,20170912_005,-22.26715087890625,-16.4947509765625,-17.6849365234375
0,,20171010_002,-13.92364501953125,-1.52587890625,-6.4544677734375
1,,20171010_002,-21.340940475463867,-4.45556640625,-4.9591064453125
2,,20171010_002,-21.49810791015625,-5.0201416015625,-5.5084228515625
3,,20171010_002,0.063323974609375,-0.3662109375,-0.2899169921875
4,,20171010_002,-0.08697509765625,-0.518798828125,-0.7476806640625
5,,20171010_002,-0.06866455078125,-0.8087158203125,-0.946044921875
6,,20171010_002,-0.183868408203125,0.4730224609375,0.091552734375
7,,20171010_002,0.12969970703125,11.77978515625,0.91552734375
8,,20171010_002,-21.47674560546875,-4.5318603515625,-5.1727294921875
9,,20171010_002,19.020843505859375,4.0435791015625,19.134521484375
10,,20171010_002,29.02679443359375,7.38525390625,8.0413818359375
11,,20171010_002,48.065948486328125,15.20538330078125,11.83319091796875
0,,20171010_005,-21.502685546875,-19.1192626953125,-21.5911865234375
1,,20171010_005,-21.2677001953125,-27.4658203125,-31.646728515625
2,,20171010_005,-21.224212646484375,-31.097412109375,-37.53662109375
3,,20171010_005,19.1925048828125,32.2265625,30.548095703125
4,,20171010_005,19.243621826171875,30.517578125,28.8543701171875
5,,20171010_005,19.094085693359375,30.059814453125,31.5704345703125
0,,20171011_001,-21.315765380859375,-10.498046875,-10.8795166015625
1,,20171011_001,-21.531679153442383,-10.7574462890625,-11.322021484375
2,,20171011_001,19.191741943359375,17.5018310546875,10.7421875
3,,20171011_001,19.22149658203125,17.486572265625,10.7269287109375
4,,20171011_001,19.1436767578125,10.406494140625,10.7421875
5,,20171011_001,28.667449951171875,15.655517578125,16.1590576171875
6,,20171011_001,38.3026123046875,21.3623046875,21.9879150390625
7,,20171011_001,48.07358169555664,26.6265869140625,28.3203125
8,,20171011_001,57.46917724609375,53.89404296875,33.966064453125
9,,20171011_001,57.431026458740234,38.1011962890625,33.966064453125
10,,20171011_001,57.475284576416016,43.0450439453125,45.928955078125
11,,20171011_001,57.41424560546875,40.618896484375,34.5916748046875
0,,20171027_000,-21.300506591796875,-5.5999755859375,-12.02392578125
1,,20171027_000,-21.489717483520508,-10.040283203125,-15.19775390625
2,,20171027_000,-21.4385986328125,-8.880615234375,-12.847900390625
3,,20171027_000,-21.398162841796875,-3.8299560546875,-13.7939453125
4,,20171027_000,-21.231842041015625,-13.5955810546875,-17.0135498046875
5,,20171027_000,-21.338653564453125,-11.1846923828125,-10.467529296875
6,,20171027_000,-21.350860595703125,-9.65118408203125,-15.40374755859375
7,,20171027_000,19.115447998046875,12.6953125,12.481689453125
8,,20171027_000,19.156646728515625,14.06097412109375,16.50238037109375
9,,20171027_000,19.146728515625,14.556884765625,18.4173583984375
10,,20171027_000,29.0435791015625,19.17266845703125,22.37701416015625
11,,20171027_000,28.691864013671875,17.63153076171875,23.73504638671875
12,,20171027_000,37.963104248046875,41.473388671875,38.3758544921875
0,,20171031_004,-21.44012451171875,-21.85821533203125,-35.11810302734375
1,,20171031_004,-21.389007568359375,-19.83642578125,-32.2723388671875
2,,20171031_004,-21.3531494140625,-14.83154296875,-22.857666015625
3,,20171031_004,-21.514131546020508,-23.468017578125,-32.2723388671875
4,,20171031_004,-21.205902099609375,-20.6298828125,-33.233642578125
5,,20171031_004,-21.464540481567383,-21.6827392578125,-31.707763671875
6,,20171031_004,-21.5484619140625,-19.34051513671875,-32.40203857421875
7,,20171031_004,-21.484376907348633,-15.68603515625,-28.2135009765625
8,,20171031_004,-21.441648483276367,-15.9454345703125,-25.8941650390625
9,,20171031_004,-21.579742431640625,-19.8974609375,-32.867431640625
10,,20171031_004,-21.50421142578125,-19.3939208984375,-31.097412109375
11,,20171031_004,-21.4569091796875,-15.960693359375,-28.38134765625
12,,20171031_004,19.164276123046875,18.402099609375,22.9949951171875
13,,20171031_004,19.26422119140625,24.0631103515625,25.238037109375
14,,20171031_004,19.01702880859375,25.77972412109375,28.69415283203125
15,,20171031_004,19.075775146484375,16.90673828125,24.169921875
16,,20171031_004,19.24896240234375,25.7110595703125,31.951904296875
0,,20171107_002,-21.0693359375,-3.90625,-3.6468505859375
1,,20171107_002,-21.230316162109375,-4.547119140625,-4.5623779296875
2,,20171107_002,-21.115114212036133,-4.7454833984375,-4.8828125
3,,20171107_002,-21.230316162109375,-4.82177734375,-4.9591064453125
4,,20171107_002,-21.147918701171875,-3.8299560546875,-3.5247802734375
5,,20171107_002,-0.592803955078125,-4.7149658203125,-0.9307861328125
6,,20171107_002,-0.067901611328125,-0.3509521484375,-0.396728515625
7,,20171107_002,19.406892776489258,3.5400390625,3.5552978515625
8,,20171107_002,19.438934326171875,4.1351318359375,9.765625
9,,20171107_002,19.2962646484375,3.753662109375,3.570556640625
10,,20171107_002,0.061798095703125,0.152587890625,0.2288818359375
11,,20171107_002,-0.1129150390625,-0.9307861328125,-0.9307861328125
12,,20171107_002,0.2197265625,0.18310546875,0.7171630859375
13,,20171107_002,48.150634765625,15.716552734375,10.1470947265625
14,,20171107_002,48.249053955078125,14.434814453125,15.44189453125
15,,20171107_002,48.269649505615234,9.7808837890625,9.8419189453125
16,,20171107_002,-0.03662109375,-0.4730224609375,-0.4425048828125
17,,20171107_002,0.02593994140625,0.2288818359375,0.1983642578125
18,,20171107_002,67.29736328125,14.1754150390625,19.8516845703125
19,,20171107_002,67.12493896484375,13.702392578125,13.580322265625
20,,20171107_002,67.352294921875,14.1143798828125,14.09912109375
21,,20171107_002,-0.13580322265625,-0.2593994140625,-0.2899169921875
22,,20171107_002,-0.017547607421875,-0.2899169921875,0.030517578125
23,,20171107_002,0.08087158203125,0.05340576171875,0.12969970703125
24,,20171107_002,-0.02899169921875,-0.8544921875,-0.2593994140625
25,,20171107_002,0.069427490234375,0.1678466796875,0.3204345703125
26,,20171107_002,-0.07476806640625,-0.091552734375,-0.2899169921875
27,,20171107_002,98.61221313476562,25.0091552734375,27.984619140625
28,,20171107_002,98.8189697265625,20.6146240234375,21.3470458984375
29,,20171107_002,98.74877166748047,20.44677734375,20.965576171875
30,,20171107_002,-0.101470947265625,-0.762939453125,-0.8697509765625
31,,20171107_002,-0.0030517578125,-0.7171630859375,-0.8392333984375
32,,20171107_002,-0.247955322265625,-0.3509521484375,-0.1678466796875
33,,20171107_002,-0.018310546875,-0.1678466796875,-0.3509521484375
34,,20171107_002,0.05035400390625,0.05340576171875,-0.60272216796875
35,,20171107_002,-0.04730224609375,-0.457763671875,-0.6103515625
36,,20171107_002,198.69155883789062,85.693359375,43.609619140625
37,,20171107_002,198.79226684570312,85.4949951171875,58.868408203125
38,,20171107_002,198.97157287597656,86.4715576171875,44.6624755859375
39,,20171107_002,199.0997314453125,86.7462158203125,43.8690185546875
0,,20180103_001,-40.948486328125,-9.55963134765625,-10.62774658203125
1,,20180103_001,-39.971923828125,-9.46044921875,-10.5743408203125
2,,20180103_001,-40.4205322265625,-9.6435546875,-10.6658935546875
3,,20180103_001,-40.670772552490234,-9.857177734375,-10.589599609375
4,,20180103_001,-41.0308837890625,-9.8876953125,-10.650634765625
5,,20180103_001,-40.95458984375,-9.70458984375,-10.8795166015625
6,,20180103_001,-40.710445404052734,-9.4146728515625,-10.55908203125
7,,20180103_001,-40.313716888427734,-9.9945068359375,-11.2762451171875
8,,20180103_001,0.0762939453125,-0.0152587890625,-0.396728515625
9,,20180103_001,-0.0579833984375,-0.1983642578125,-1.40380859375
10,,20180103_001,0.5401611328125,0.4425048828125,0.3814697265625
11,,20180103_001,-0.0030517578125,-0.19073486328125,-0.06866455078125
12,,20180103_001,0.6622314453125,0.1983642578125,0.335693359375
13,,20180103_001,0.3204345703125,0.213623046875,0.213623046875
14,,20180103_001,-0.543212890625,-0.30517578125,-0.335693359375
15,,20180103_001,0.628662109375,0.18310546875,0.2288818359375
16,,20180103_001,0.537109375,0.030517578125,-0.4119873046875
17,,20180103_001,-0.5157470703125,-0.22125244140625,-1.01470947265625
18,,20180103_001,-0.4791259765625,-0.1220703125,-0.0152587890625
19,,20180103_001,10.02197265625,2.6702880859375,2.7923583984375
20,,20180103_001,10.1226806640625,2.44140625,2.7923583984375
21,,20180103_001,10.040283203125,2.349853515625,2.532958984375
22,,20180103_001,-0.2716064453125,-0.2593994140625,-0.2899169921875
23,,20180103_001,-0.1739501953125,-0.3509521484375,-0.42724609375
24,,20180103_001,0.3509521484375,0.06103515625,-0.91552734375
25,,20180103_001,9.771728515625,2.3651123046875,2.5787353515625
26,,20180103_001,10.211181640625,2.349853515625,2.50244140625
27,,20180103_001,18.4173583984375,4.6234130859375,5.0811767578125
28,,20180103_001,19.5709228515625,4.69970703125,4.9591064453125
29,,20180103_001,29.39453125,6.439208984375,7.293701171875
30,,20180103_001,29.376220703125,7.232666015625,7.6446533203125
31,,20180103_001,37.774654388427734,10.9100341796875,11.0626220703125
32,,20180103_001,37.640377044677734,8.941650390625,9.918212890625
33,,20180103_001,48.8677978515625,11.077880859375,11.9476318359375
34,,20180103_001,48.3489990234375,11.199951171875,12.0391845703125
35,,20180103_001,57.6934814453125,13.275146484375,14.2669677734375
36,,20180103_001,56.38427734375,12.847900390625,13.763427734375
37,,20180103_001,66.9158935546875,14.739990234375,16.7694091796875
38,,20180103_001,67.108154296875,14.9688720703125,16.082763671875
39,,20180103_001,67.523193359375,14.678955078125,16.143798828125
40,,20180103_001,75.9765625,16.9677734375,18.3563232421875
41,,20180103_001,76.2603759765625,16.754150390625,18.5089111328125
42,,20180103_001,86.6607666015625,18.2342529296875,19.744873046875
43,,20180103_001,86.97814178466797,18.8446044921875,22.247314453125
44,,20180103_001,85.99853515625,18.5546875,20.416259765625
45,,20180103_001,86.2030029296875,18.707275390625,20.56884765625
46,,20180103_001,86.83165740966797,18.61572265625,20.6298828125
47,,20180103_001,0.2838134765625,0.1220703125,0.06103515625
48,,20180103_001,0.311279296875,0.06103515625,0.152587890625
49,,20180103_001,91.8212890625,19.10400390625,21.78955078125
50,,20180103_001,97.07640838623047,20.69091796875,23.0255126953125
51,,20180103_001,98.5260009765625,20.721435546875,24.71923828125
52,,20180103_001,99.65819549560547,20.8740234375,22.9949951171875
53,,20180103_001,153.9642333984375,31.097412109375,43.7774658203125
54,,20180103_001,198.10791015625,40.71044921875,46.56982421875
55,,20180103_001,198.2513427734375,38.9556884765625,46.69189453125
56,,20180103_001,198.0499267578125,38.9556884765625,46.7681884765625
57,,20180103_001,198.4375,40.01617431640625,46.80633544921875
58,,20180103_001,198.0560302734375,36.8194580078125,44.3267822265625
59,,20180103_001,197.5067138671875,40.069580078125,46.9512939453125
0,,20180108_004,-21.1578369140625,-7.04193115234375,-9.74273681640625
1,,20180108_004,-21.307373046875,-10.07080078125,-10.5743408203125
2,,20180108_004,-20.928955078125,-8.0413818359375,-8.8653564453125
3,,20180108_004,-21.1090087890625,-9.765625,-9.94873046875
4,,20180108_004,-20.919803619384766,-10.6658935546875,-11.53564453125
5,,20180108_004,-22.1832275390625,-10.2691650390625,-11.3677978515625
6,,20180108_004,-21.112060546875,-10.101318359375,-11.2762451171875
7,,20180108_004,-21.09375,-9.6435546875,-10.8795166015625
8,,20180108_004,-21.191410064697266,-8.1787109375,-8.9874267578125
9,,20180108_004,-21.3897705078125,-9.2010498046875,-10.162353515625
10,,20180108_004,6.5948486328125,1.8157958984375,7.171630859375
11,,20180108_004,19.561767578125,9.26971435546875,9.81903076171875
12,,20180108_004,19.4091796875,10.009765625,11.5203857421875
13,,20180108_004,19.589235305786133,8.5601806640625,9.5672607421875
14,,20180108_004,19.436643600463867,10.07080078125,11.4288330078125
15,,20180108_004,19.546510696411133,9.307861328125,9.6588134765625
16,,20180108_004,19.7998046875,8.81195068359375,9.54437255859375
17,,20180108_004,19.39697265625,7.2784423828125,7.415771484375
18,,20180108_004,28.607177734375,12.8173828125,14.2669677734375
19,,20180108_004,28.802490234375,13.092041015625,14.190673828125
20,,20180108_004,29.644775390625,13.641357421875,14.9383544921875
21,,20180108_004,30.5511474609375,12.4053955078125,12.847900390625
22,,20180108_004,38.287353515625,15.13671875,17.181396484375
23,,20180108_004,38.02490234375,17.333984375,19.1192626953125
24,,20180108_004,38.3758544921875,16.7236328125,18.646240234375
25,,20180108_004,39.031982421875,15.38848876953125,16.39556884765625
26,,20180108_004,38.720703125,12.3748779296875,17.913818359375
27,,20180108_004,38.409423828125,14.4805908203125,15.899658203125
28,,20180108_004,38.61083984375,17.27294921875,18.8751220703125
29,,20180108_004,48.2147216796875,21.1029052734375,24.4293212890625
30,,20180108_004,48.016357421875,20.599365234375,22.1405029296875
31,,20180108_004,47.332763671875,21.1029052734375,23.3154296875
32,,20180108_004,48.2208251953125,20.904541015625,21.1639404296875
33,,20180108_004,58.050537109375,25.482177734375,25.4974365234375
34,,20180108_004,58.1817626953125,26.4129638671875,28.13720703125
35,,20180108_004,57.9254150390625,23.895263671875,28.1524658203125
36,,20180108_004,57.2723388671875,26.93939208984375,31.59332275390625
37,,20180108_004,67.0806884765625,30.5328369140625,34.088134765625
38,,20180108_004,67.3980712890625,29.571533203125,38.87939453125
39,,20180108_004,67.83447265625,29.8004150390625,32.135009765625
40,,20180108_004,67.0135498046875,28.51104736328125,34.24835205078125
41,,20180108_004,67.61474609375,28.7017822265625,42.327880859375
42,,20180108_004,67.3919677734375,31.4178466796875,40.252685546875
43,,20180108_004,67.279052734375,30.40313720703125,33.60748291015625
44,,20180108_004,66.5130615234375,30.7464599609375,37.9486083984375
45,,20180108_004,76.6632080078125,39.8406982421875,49.7283935546875
46,,20180108_004,76.6815185546875,34.03472900390625,47.63031005859375
47,,20180108_004,77.191162109375,22.17864990234375,43.52569580078125
48,,20180108_004,76.4190673828125,40.46630859375,46.478271484375
49,,20180108_004,76.214599609375,39.886474609375,47.05810546875
50,,20180108_004,77.008056640625,37.9486083984375,42.1142578125
51,,20180108_004,77.1759033203125,35.4766845703125,47.9278564453125
52,,20180108_004,86.4959716796875,42.8466796875,61.676025390625
53,,20180108_004,85.845947265625,45.3338623046875,60.0128173828125
54,,20180108_004,86.48681640625,42.65594482421875,50.45318603515625
55,,20180108_004,87.054443359375,43.88427734375,51.2237548828125
56,,20180108_004,86.8072509765625,42.6177978515625,57.0068359375
57,,20180108_004,86.376953125,44.7235107421875,61.8438720703125
58,,20180108_004,85.9283447265625,43.8995361328125,50.079345703125
0,,20180122_001,-21.017454147338867,-17.6544189453125,-23.5137939453125
1,,20180122_001,-21.197509765625,-24.22332763671875,-31.63909912109375
2,,20180122_001,-21.035764694213867,-18.16558837890625,-25.52032470703125
3,,20180122_001,-22.219846725463867,-25.177001953125,-32.623291015625
4,,20180122_001,-22.27783203125,-23.94866943359375,-33.19549560546875
5,,20180122_001,-21.014404296875,-21.820068359375,-31.6619873046875
6,,20180122_001,-21.804811477661133,-25.39825439453125,-35.74371337890625
7,,20180122_001,-21.505735397338867,-23.35357666015625,-31.79168701171875
8,,20180122_001,-21.749879837036133,-26.19171142578125,-35.88104248046875
9,,20180122_001,-21.585084915161133,-22.45330810546875,-31.31866455078125
10,,20180122_001,-21.4599609375,-12.4969482421875,-17.2882080078125
11,,20180122_001,-21.102903366088867,-23.6358642578125,-32.2265625
12,,20180122_001,-20.803831100463867,-17.5933837890625,-24.078369140625
13,,20180122_001,18.3837890625,21.2860107421875,24.993896484375
14,,20180122_001,18.5272216796875,28.6407470703125,31.6619873046875
15,,20180122_001,19.0093994140625,13.2293701171875,9.5367431640625
16,,20180122_001,19.2047119140625,19.3634033203125,23.529052734375
17,,20180122_001,19.134521484375,26.6571044921875,31.31103515625
18,,20180122_001,18.7347412109375,18.57757568359375,24.40643310546875
19,,20180122_001,18.56689453125,17.90618896484375,23.71978759765625
20,,20180122_001,19.6624755859375,19.50836181640625,25.55084228515625
21,,20180122_001,19.561767578125,26.6265869140625,35.400390625
22,,20180122_001,19.140625,-5.72967529296875,15.20538330078125
23,,20180122_001,18.841552734375,24.2767333984375,27.5726318359375
24,,20180122_001,18.890380859375,25.543212890625,28.38134765625
25,,20180122_001,27.566526412963867,35.4461669921875,40.6646728515625
26,,20180122_001,29.254150390625,27.4658203125,26.641845703125
27,,20180122_001,29.144287109375,39.642333984375,44.2962646484375
28,,20180122_001,28.634641647338867,22.1710205078125,25.8941650390625
29,,20180122_001,28.530881881713867,29.1595458984375,29.388427734375
30,,20180122_001,29.107666015625,32.623291015625,39.00146484375
31,,20180122_001,28.997802734375,21.2249755859375,16.693115234375
32,,20180122_001,29.531858444213867,21.6827392578125,13.73291015625
33,,20180122_001,37.994388580322266,27.679443359375,28.9764404296875
34,,20180122_001,38.153076171875,33.4930419921875,33.3709716796875
35,,20180122_001,38.519283294677734,28.46527099609375,29.57916259765625
36,,20180122_001,38.397216796875,29.2205810546875,28.839111328125
37,,20180122_001,38.897705078125,39.9932861328125,44.0521240234375
38,,20180122_001,38.922115325927734,31.7230224609375,32.135009765625
39,,20180122_001,38.287357330322266,30.670166015625,30.4412841796875
40,,20180122_001,37.7532958984375,33.0963134765625,32.2113037109375
41,,20180122_001,38.793941497802734,30.029296875,30.3497314453125
42,,20180122_001,38.906864166259766,31.646728515625,31.3568115234375
43,,20180122_001,38.1317138671875,33.87451171875,33.75244140625
44,,20180122_001,38.140869140625,38.8946533203125,39.1387939453125
45,,20180122_001,47.589115142822266,32.3333740234375,30.487060546875
46,,20180122_001,48.08349609375,32.8521728515625,30.9600830078125
47,,20180122_001,19.6197509765625,44.4488525390625,31.0211181640625
0,,20180122_002,-21.087646484375,-5.1727294921875,-5.401611328125
1,,20180122_002,-20.49560546875,-5.08880615234375,-5.21087646484375
2,,20180122_002,-20.965576171875,-5.18798828125,-5.2337646484375
3,,20180122_002,-21.871946334838867,-5.218505859375,-5.1727294921875
4,,20180122_002,-20.761106491088867,-5.218505859375,-5.2490234375
5,,20180122_002,-21.505735397338867,-5.157470703125,-5.4473876953125
6,,20180122_002,-21.173095703125,-14.2059326171875,-14.5416259765625
7,,20180122_002,19.5220947265625,4.72259521484375,4.69207763671875
8,,20180122_002,18.414306640625,4.7149658203125,4.791259765625
9,,20180122_002,18.8812255859375,4.82177734375,4.8370361328125
10,,20180122_002,19.451904296875,4.486083984375,4.425048828125
11,,20180122_002,19.1650390625,4.5013427734375,4.6234130859375
12,,20180122_002,29.086301803588867,6.78253173828125,6.90460205078125
13,,20180122_002,28.509521484375,6.7901611328125,6.77490234375
14,,20180122_002,37.12158203125,8.5601806640625,8.97216796875
15,,20180122_002,38.275150299072266,8.697509765625,8.9111328125
16,,20180122_002,45.959476470947266,10.44464111328125,10.68878173828125
17,,20180122_002,47.81494140625,11.1083984375,11.29150390625
18,,20180122_002,53.0242919921875,27.28271484375,16.448974609375
19,,20180122_002,57.9620361328125,12.451171875,12.5274658203125
20,,20180122_002,58.038330078125,12.8326416015625,13.0462646484375
21,,20180122_002,66.7205810546875,14.7705078125,15.07568359375
22,,20180122_002,67.4102783203125,15.106201171875,15.13671875
23,,20180122_002,76.226806640625,17.6239013671875,17.4713134765625
24,,20180122_002,76.57166290283203,16.9219970703125,17.0135498046875
25,,20180122_002,87.139892578125,19.6380615234375,19.683837890625
26,,20180122_002,86.36473846435547,19.7601318359375,19.744873046875
27,,20180122_002,0.2044677734375,-0.4730224609375,-1.4495849609375
28,,20180122_002,-0.830078125,-1.6021728515625,-1.9989013671875
29,,20180122_002,-0.47607421875,-0.1373291015625,0.30517578125
30,,20180122_002,0.6378173828125,14.95361328125,0.91552734375
31,,20180122_002,0.4913330078125,0.244140625,0.1983642578125
32,,20180122_002,0.079345703125,0.152587890625,0.244140625
33,,20180122_002,97.5128173828125,21.8505859375,22.03369140625
34,,20180122_002,98.00109100341797,21.4080810546875,21.5606689453125
35,,20180122_002,98.5260009765625,22.0794677734375,22.186279296875
36,,20180122_002,199.09364318847656,51.8035888671875,51.08642578125
37,,20180122_002,198.101806640625,48.2940673828125,47.943115234375
38,,20180122_002,197.662353515625,47.72186279296875,69.55718994140625
39,,20180122_002,198.2635498046875,46.8902587890625,46.3104248046875
40,,20180122_002,197.88514709472656,75.8209228515625,52.79541015625
41,,20180122_002,199.0997314453125,48.858642578125,47.6226806640625
42,,20180122_002,197.943115234375,47.7447509765625,47.36328125
43,,20180122_002,198.333740234375,48.4161376953125,45.8526611328125
44,,20180122_002,198.0194091796875,72.723388671875,70.2972412109375
45,,20180122_002,198.64808654785156,72.906494140625,53.89404296875
46,,20180122_002,198.4161376953125,46.783447265625,44.708251953125
47,,20180122_002,198.4954833984375,48.33984375,72.3114013671875
48,,20180122_002,198.272705078125,47.91259765625,47.760009765625
49,,20180122_002,198.36122131347656,47.6226806640625,48.15673828125
50,,20180122_002,199.407958984375,47.7752685546875,48.0194091796875
51,,20180122_002,198.56874084472656,46.81396484375,46.4630126953125
52,,20180122_002,197.81494140625,48.4619140625,48.309326171875
53,,20180122_002,197.37852478027344,48.095703125,47.7752685546875
54,,20180122_002,198.052978515625,47.4395751953125,47.210693359375
55,,20180122_002,198.614501953125,47.91259765625,46.6461181640625
56,,20180122_002,198.79150390625,48.0194091796875,47.6837158203125
57,,20180122_002,198.0224609375,48.1414794921875,47.79052734375
58,,20180122_002,198.23304748535156,48.1414794921875,47.8363037109375
59,,20180122_002,197.93092346191406,47.54638671875,47.8973388671875
60,,20180122_002,198.4527587890625,49.0875244140625,49.1943359375
61,,20180122_002,208.41368103027344,52.5054931640625,51.727294921875
62,,20180122_002,207.8338623046875,52.4749755859375,52.337646484375
63,,20180122_002,217.4560546875,81.024169921875,68.54248046875
64,,20180122_002,217.9443359375,55.755615234375,55.60302734375
65,,20180122_002,217.5079345703125,55.7098388671875,55.3131103515625
66,,20180122_002,218.0267333984375,55.450439453125,54.50439453125
67,,20180122_002,217.1905517578125,55.8624267578125,54.87060546875
68,,20180122_002,217.3126220703125,54.9468994140625,54.13818359375
69,,20180122_002,217.78564453125,56.3201904296875,55.2825927734375
70,,20180122_002,227.34375,59.30328369140625,58.64715576171875
71,,20180122_002,227.67027282714844,59.75341796875,57.3272705078125
72,,20180122_002,227.020263671875,59.8602294921875,57.6934814453125
73,,20180122_002,226.2359619140625,59.2041015625,58.0291748046875
74,,20180122_002,237.4053955078125,64.9566650390625,63.1256103515625
75,,20180122_002,237.225341796875,63.934326171875,61.1114501953125
76,,20180122_002,237.1429443359375,64.5599365234375,60.97412109375
77,,20180122_002,-234.271240234375,-54.1229248046875,-56.15234375
78,,20180122_002,-241.2750244140625,-64.24713134765625,-65.11688232421875
79,,20180122_002,-240.7073974609375,-56.7626953125,-57.2662353515625
80,,20180122_002,-240.75621032714844,-55.38177490234375,-56.86187744140625
81,,20180122_002,-240.14892578125,-55.6488037109375,-57.18994140625
0,,20180130_000,-71.60338592529297,-14.2974853515625,-14.2669677734375
1,,20180130_000,-71.7498779296875,-13.1988525390625,-13.275146484375
2,,20180130_000,-70.54444122314453,-12.5579833984375,-12.6953125
3,,20180130_000,-71.42945098876953,-13.24462890625,-13.5345458984375
4,,20180130_000,-70.904541015625,-13.763427734375,-14.251708984375
5,,20180130_000,-71.630859375,-12.542724609375,-12.969970703125
6,,20180130_000,-71.6461181640625,-19.95086669921875,-21.08001708984375
7,,20180130_000,-71.15478515625,-10.96343994140625,-11.58905029296875
8,,20180130_000,-71.53931427001953,-13.45062255859375,-13.69476318359375
9,,20180130_000,-71.7315673828125,-13.092041015625,-13.12255859375
10,,20180130_000,-72.222900390625,-12.7105712890625,-13.36669921875
11,,20180130_000,-71.76513671875,-11.260986328125,-12.1612548828125
12,,20180130_000,-51.4739990234375,-11.3677978515625,-10.8489990234375
13,,20180130_000,0.1983642578125,3.05938720703125,2.66265869140625
14,,20180130_000,0.6195068359375,3.9520263671875,4.2572021484375
15,,20180130_000,-0.4638671875,-1.15966796875,-1.5411376953125
16,,20180130_000,-0.01220703125,-4.38690185546875,-4.18853759765625
17,,20180130_000,0.01220703125,1.2664794921875,4.94384765625
18,,20180130_000,-0.2655029296875,0.244140625,0.091552734375
19,,20180130_000,-0.238037109375,-0.274658203125,-0.5035400390625
20,,20180130_000,-0.1983642578125,-0.8392333984375,-2.9754638671875
21,,20180130_000,0.1434326171875,4.53948974609375,6.05010986328125
22,,20180130_000,0.408935546875,-0.5950927734375,-1.52587890625
23,,20180130_000,-0.3173828125,-1.129150390625,-1.3427734375
24,,20180130_000,0.2716064453125,0.1678466796875,0.1983642578125
25,,20180130_000,-0.5615234375,-1.129150390625,-1.2664794921875
26,,20180130_000,-0.3173828125,-0.274658203125,-0.7171630859375
27,,20180130_000,29.351806640625,6.1492919921875,2.3345947265625
28,,20180130_000,29.421998977661133,6.0882568359375,5.79833984375
29,,20180130_000,28.823850631713867,5.30242919921875,5.69915771484375
30,,20180130_000,28.146360397338867,6.8817138671875,6.7596435546875
31,,20180130_000,28.744508743286133,4.82177734375,4.08935546875
32,,20180130_000,29.031370162963867,5.279541015625,7.080078125
33,,20180130_000,38.864139556884766,8.3160400390625,7.4005126953125
34,,20180130_000,38.558956146240234,7.965087890625,8.026123046875
35,,20180130_000,38.5467529296875,8.36944580078125,7.53021240234375
36,,20180130_000,48.394775390625,9.40704345703125,8.55255126953125
37,,20180130_000,48.1048583984375,5.0811767578125,4.730224609375
38,,20180130_000,47.9644775390625,8.48388671875,7.9193115234375
39,,20180130_000,48.168941497802734,7.36236572265625,8.99505615234375
40,,20180130_000,57.2357177734375,16.9830322265625,16.5557861328125
41,,20180130_000,57.244873046875,10.50567626953125,10.12420654296875
42,,20180130_000,58.2672119140625,10.101318359375,11.4898681640625
43,,20180130_000,67.2607421875,12.115478515625,14.2364501953125
44,,20180130_000,67.6605224609375,12.451171875,11.810302734375
45,,20180130_000,74.749755859375,14.0838623046875,13.8092041015625
46,,20180130_000,76.54724884033203,14.25933837890625,14.86968994140625
47,,20180130_000,77.215576171875,15.5792236328125,14.2669677734375
48,,20180130_000,86.8499755859375,16.38031005859375,16.22772216796875
49,,20180130_000,86.572265625,14.495849609375,14.068603515625
50,,20180130_000,86.40137481689453,14.07623291015625,15.14434814453125
51,,20180130_000,-0.0823974609375,-0.99945068359375,-6.29425048828125
52,,20180130_000,0.604248046875,0.95367431640625,3.70025634765625
53,,20180130_000,0.0457763671875,0.0152587890625,1.5716552734375
54,,20180130_000,0.1739501953125,0.51116943359375,0.46539306640625
55,,20180130_000,-0.8941650390625,-0.518798828125,-5.126953125
56,,20180130_000,97.894287109375,18.5394287109375,24.7039794921875
57,,20180130_000,98.9990234375,22.75848388671875,15.89202880859375
58,,20180130_000,98.5565185546875,26.397705078125,19.9432373046875
59,,20180130_000,98.8067626953125,17.242431640625,19.073486328125
60,,20180130_000,97.9888916015625,16.9830322265625,23.6358642578125
61,,20180130_000,98.30931854248047,23.6053466796875,19.0887451171875
62,,20180130_000,98.6846923828125,22.8729248046875,17.8985595703125
63,,20180130_000,98.98072052001953,17.669677734375,17.9595947265625
64,,20180130_000,98.6083984375,17.2882080078125,17.181396484375
65,,20180130_000,97.9339599609375,18.3868408203125,17.364501953125
66,,20180130_000,98.284912109375,24.200439453125,17.5018310546875
67,,20180130_000,98.63892364501953,16.92962646484375,24.13177490234375
68,,20180130_000,97.9339599609375,17.5933837890625,17.8375244140625
69,,20180130_000,98.6907958984375,17.791748046875,18.61572265625
70,,20180130_000,97.91260528564453,25.69580078125,19.1650390625
71,,20180130_000,98.67859649658203,18.7530517578125,17.822265625
72,,20180130_000,98.406982421875,18.00537109375,19.073486328125
73,,20180130_000,99.8321533203125,24.2156982421875,22.3846435546875
74,,20180130_000,108.60594940185547,28.52630615234375,21.78192138671875
75,,20180130_000,107.8948974609375,27.71759033203125,21.11053466796875
76,,20180130_000,107.9071044921875,26.79443359375,19.9737548828125
77,,20180130_000,108.6822509765625,27.0843505859375,20.9197998046875
78,,20180130_000,108.5693359375,25.3448486328125,26.2908935546875
79,,20180130_000,108.21532440185547,24.13177490234375,24.48272705078125
80,,20180130_000,107.51648712158203,26.5960693359375,19.7296142578125
81,,20180130_000,108.36181640625,25.62713623046875,25.44403076171875
82,,20180130_000,108.1634521484375,25.5889892578125,28.50341796875
83,,20180130_000,108.807373046875,24.5361328125,24.7039794921875
84,,20180130_000,108.4869384765625,26.092529296875,20.20263671875
85,,20180130_000,117.42554473876953,31.25,29.6478271484375
86,,20180130_000,117.926025390625,29.693603515625,27.6947021484375
87,,20180130_000,117.9656982421875,32.15789794921875,29.56390380859375
88,,20180130_000,117.81005859375,26.9927978515625,28.167724609375
89,,20180130_000,118.79273223876953,25.79498291015625,23.29254150390625
90,,20180130_000,117.51709747314453,28.717041015625,22.03369140625
91,,20180130_000,117.34923553466797,26.64947509765625,21.67510986328125
92,,20180130_000,118.316650390625,28.48052978515625,27.94647216796875
93,,20180130_000,127.60926055908203,30.8685302734375,28.7628173828125
94,,20180130_000,127.8778076171875,32.04345703125,28.106689453125
95,,20180130_000,127.001953125,33.4320068359375,29.78515625
96,,20180130_000,127.2674560546875,34.210205078125,34.1949462890625
97,,20180130_000,127.23387908935547,32.2723388671875,27.3284912109375
98,,20180130_000,127.54517364501953,44.2352294921875,54.046630859375
99,,20180130_000,127.862548828125,52.2918701171875,50.0030517578125
100,,20180130_000,127.5054931640625,34.26361083984375,51.32293701171875
101,,20180130_000,127.4749755859375,35.5682373046875,33.8287353515625
102,,20180130_000,136.9384765625,56.243896484375,55.2825927734375
103,,20180130_000,137.0880126953125,53.8482666015625,52.4139404296875
104,,20180130_000,137.713623046875,55.633544921875,52.5665283203125
105,,20180130_000,136.1907958984375,58.4869384765625,55.511474609375
106,,20180130_000,137.1368408203125,53.924560546875,51.0711669921875
107,,20180130_000,137.310791015625,56.2591552734375,51.666259765625
108,,20180130_000,137.481689453125,53.7109375,51.0406494140625
109,,20180130_000,137.4481201171875,51.8341064453125,49.407958984375
110,,20180130_000,136.90489196777344,52.5360107421875,50.3997802734375
111,,20180130_000,136.572265625,51.788330078125,49.102783203125
112,,20180130_000,80.03540802001953,54.31365966796875,50.68206787109375
