,time,code,ampshift,fsl,onset,spkamp,pspamp,exptname,nspk
378,42.00324,T,-40.0,,,0.0,0.0457763671875,20200719_003,0
380,42.24267,T,30.0,6.306306306306307,3.6036036036036037,9.46044921875,9.6282958984375,20200719_003,0
382,42.43488,T,-0.0,7.307307307307308,4.604604604604605,7.781982421875,7.659912109375,20200719_003,0
384,42.59027,T,20.0,7.057057057057057,4.004004004004004,9.1705322265625,9.246826171875,20200719_003,0
386,42.724419999999995,T,-30.0,,,0.0,0.06103515625,20200719_003,0
388,42.86009,T,-5.0,8.108108108108109,4.804804804804806,8.0413818359375,8.0413818359375,20200719_003,0
390,43.01168,T,10.0,7.157157157157158,4.1541541541541545,8.514404296875,8.4075927734375,20200719_003,0
392,43.21686999999999,T,-10.0,8.308308308308309,5.7057057057057055,7.0037841796875,7.0648193359375,20200719_003,0
394,43.46668,T,-20.0,10.11011011011011,6.756756756756757,5.8746337890625,5.9051513671875,20200719_003,0
396,43.70093,T,40.0,6.156156156156156,3.3533533533533535,9.185791015625,9.2010498046875,20200719_003,0
398,43.83539999999999,T,5.0,7.5575575575575575,4.454454454454455,7.8887939453125,7.6751708984375,20200719_003,0
406,44.413199999999996,T,-40.0,,,0.0,-0.1220703125,20200719_003,0
408,44.63466999999999,T,30.0,6.206206206206207,3.653653653653654,9.124755859375,9.1094970703125,20200719_003,0
410,44.79698,T,-0.0,7.407407407407407,4.604604604604605,7.6904296875,7.7056884765625,20200719_003,0
412,44.97009,T,20.0,6.906906906906907,3.9039039039039043,8.758544921875,8.5296630859375,20200719_003,0
414,45.124779999999994,T,-30.0,,,0.0,-0.0152587890625,20200719_003,0
416,45.326069999999994,T,-5.0,7.857857857857859,4.904904904904905,7.965087890625,7.9803466796875,20200719_003,0
418,45.47882,T,10.0,7.357357357357357,4.054054054054054,9.33837890625,9.1094970703125,20200719_003,0
420,45.63637,T,-10.0,8.258258258258259,5.455455455455456,6.28662109375,6.3934326171875,20200719_003,0
422,45.887119999999996,T,-20.0,10.01001001001001,7.5575575575575575,4.4708251953125,4.4097900390625,20200719_003,0
424,46.04042999999999,T,40.0,6.156156156156156,3.3533533533533535,9.8876953125,9.8876953125,20200719_003,0
426,46.201739999999994,T,5.0,7.6076076076076085,4.2542542542542545,8.209228515625,7.904052734375,20200719_003,0
434,46.8191,T,-40.0,,,0.0,-0.030517578125,20200719_003,0
436,47.03180999999999,T,30.0,6.306306306306307,3.653653653653654,9.4451904296875,9.5367431640625,20200719_003,0
438,47.19448,T,0.0,7.7577577577577586,4.654654654654655,8.0413818359375,7.904052734375,20200719_003,0
440,47.36087,T,20.0,6.706706706706707,3.9039039039039043,10.1776123046875,9.9334716796875,20200719_003,0
442,47.51808,T,-30.0,,,0.0,-0.0457763671875,20200719_003,0
444,47.735189999999996,T,-5.0,7.7577577577577586,5.155155155155155,7.5225830078125,7.8277587890625,20200719_003,0
446,47.886239999999994,T,10.0,7.057057057057057,4.054054054054054,8.4686279296875,8.1787109375,20200719_003,0
448,48.117329999999995,T,-10.0,8.65865865865866,5.505505505505505,7.0343017578125,6.927490234375,20200719_003,0
450,48.27314,T,-20.0,10.260260260260262,7.5075075075075075,5.37109375,5.2490234375,20200719_003,0
452,48.43857,T,40.0,6.156156156156156,3.3533533533533535,9.307861328125,9.2010498046875,20200719_003,0
454,48.60677999999999,T,5.0,7.457457457457458,4.504504504504505,8.148193359375,8.2244873046875,20200719_003,0
462,49.324479999999994,T,-40.0,,,0.0,0.1983642578125,20200719_003,0
464,49.48658999999999,T,30.0,6.306306306306307,3.653653653653654,9.1705322265625,8.880615234375,20200719_003,0
466,49.63538,T,0.0,7.5575575575575575,4.654654654654655,7.8887939453125,7.75146484375,20200719_003,0
468,49.85070999999999,T,20.0,7.007007007007007,4.054054054054054,8.758544921875,8.8653564453125,20200719_003,0
470,50.00872,T,-30.0,,,0.0,0.1068115234375,20200719_003,0
472,50.17368999999999,T,-5.0,7.5075075075075075,4.904904904904905,7.3089599609375,7.2479248046875,20200719_003,0
474,50.41103999999999,T,10.0,7.307307307307308,4.2542542542542545,9.307861328125,9.1094970703125,20200719_003,0
476,50.57427,T,-10.0,8.65865865865866,5.8558558558558556,7.6904296875,7.598876953125,20200719_003,0
478,50.81724,T,-20.0,9.909909909909912,7.7577577577577586,5.7220458984375,5.5389404296875,20200719_003,0
480,50.97391,T,40.0,6.106106106106107,3.0530530530530533,10.223388671875,9.857177734375,20200719_003,0
482,51.13724,T,5.0,7.257257257257257,4.454454454454455,8.0413818359375,7.9193115234375,20200719_003,0
490,51.904219999999995,T,-40.0,,,0.0,0.1678466796875,20200719_003,0
492,52.14861,T,30.0,6.206206206206207,3.5035035035035036,9.765625,9.8876953125,20200719_003,0
494,52.30318,T,0.0,7.5075075075075075,4.654654654654655,7.6904296875,7.4462890625,20200719_003,0
496,52.463409999999996,T,20.0,6.856856856856857,2.1021021021021022,9.063720703125,8.8348388671875,20200719_003,0
498,52.67321999999999,T,-30.0,,,0.0,0.06103515625,20200719_003,0
500,52.832049999999995,T,-5.0,8.208208208208209,5.055055055055055,7.4920654296875,7.50732421875,20200719_003,0
502,53.045179999999995,T,10.0,7.257257257257257,3.853853853853854,9.0789794921875,8.8653564453125,20200719_003,0
504,53.28536999999999,T,-10.0,8.108108108108109,5.455455455455456,7.3089599609375,7.1258544921875,20200719_003,0
506,53.44877999999999,T,-20.0,9.909909909909912,8.008008008008009,3.204345703125,3.35693359375,20200719_003,0
508,53.60952999999999,T,40.0,6.206206206206207,3.4034034034034035,10.162353515625,10.1470947265625,20200719_003,0
510,53.76902,T,5.0,7.207207207207207,4.454454454454455,7.75146484375,7.6904296875,20200719_003,0
518,54.55011999999999,T,-40.0,,,0.0,0.0762939453125,20200719_003,0
520,54.80517,T,30.0,6.206206206206207,3.5535535535535536,9.46044921875,9.4146728515625,20200719_003,0
522,55.03648,T,-0.0,7.6576576576576585,4.704704704704705,7.476806640625,7.3394775390625,20200719_003,0
524,55.21187,T,20.0,6.906906906906907,3.853853853853854,9.58251953125,9.5672607421875,20200719_003,0
526,55.450419999999994,T,-30.0,,,0.0,0.1220703125,20200719_003,0
528,55.67679,T,-5.0,7.6076076076076085,5.105105105105106,7.8887939453125,7.9345703125,20200719_003,0
530,55.92782,T,10.0,7.157157157157158,4.2042042042042045,9.1705322265625,9.1552734375,20200719_003,0
532,56.092789999999994,T,-10.0,8.75875875875876,5.655655655655655,7.7362060546875,7.6904296875,20200719_003,0
534,56.26987999999999,T,-20.0,10.71071071071071,7.6076076076076085,6.0882568359375,5.8746337890625,20200719_003,0
536,56.518769999999996,T,40.0,6.106106106106107,3.3533533533533535,9.7198486328125,9.5977783203125,20200719_003,0
538,56.68982,T,5.0,7.6076076076076085,4.354354354354355,8.026123046875,8.0108642578125,20200719_003,0
546,57.67088,T,-40.0,,,0.0,0.0,20200719_003,0
548,57.90906999999999,T,30.0,6.356356356356357,3.653653653653654,9.368896484375,9.1552734375,20200719_003,0
550,58.132979999999996,T,-0.0,7.307307307307308,4.504504504504505,8.056640625,8.026123046875,20200719_003,0
552,58.38419,T,20.0,6.706706706706707,3.8038038038038042,9.4146728515625,9.185791015625,20200719_003,0
554,58.60928,T,-30.0,,,0.0,0.0457763671875,20200719_003,0
556,58.838229999999996,T,-5.0,7.357357357357357,4.954954954954956,6.89697265625,6.9122314453125,20200719_003,0
558,59.030519999999996,T,10.0,6.906906906906907,4.2042042042042045,8.148193359375,7.99560546875,20200719_003,0
560,59.257909999999995,T,-10.0,8.058058058058059,5.405405405405405,7.293701171875,7.2174072265625,20200719_003,0
562,59.472579999999994,T,-20.0,9.50950950950951,7.057057057057057,5.3558349609375,5.2032470703125,20200719_003,0
564,59.69360999999999,T,40.0,6.156156156156156,3.3033033033033035,9.6893310546875,9.3841552734375,20200719_003,0
566,59.87168,T,5.0,7.407407407407407,4.304304304304304,7.8582763671875,7.7056884765625,20200719_003,0
574,60.723479999999995,T,-40.0,,,0.0,-0.0457763671875,20200719_003,0
576,60.953109999999995,T,30.0,6.556556556556557,3.4534534534534536,9.7198486328125,9.765625,20200719_003,0
578,61.12938,T,0.0,7.407407407407407,4.654654654654655,8.087158203125,7.9803466796875,20200719_003,0
580,61.342209999999994,T,20.0,6.756756756756757,3.7037037037037037,9.33837890625,9.1400146484375,20200719_003,0
582,61.5716,T,-30.0,,,0.0,-0.1373291015625,20200719_003,0
584,61.770469999999996,T,-5.0,8.108108108108109,4.854854854854855,7.232666015625,7.1868896484375,20200719_003,0
586,61.9993,T,10.0,7.057057057057057,4.004004004004004,9.1705322265625,9.0484619140625,20200719_003,0
588,62.246469999999995,T,-10.0,8.458458458458459,5.405405405405405,7.6141357421875,7.3394775390625,20200719_003,0
590,62.4612,T,-20.0,9.65965965965966,7.007007007007007,5.5389404296875,5.5389404296875,20200719_003,0
592,62.686069999999994,T,40.0,6.106106106106107,3.3033033033033035,10.101318359375,9.8419189453125,20200719_003,0
594,62.858399999999996,T,5.0,7.307307307307308,4.454454454454455,8.4228515625,8.209228515625,20200719_003,0
602,63.64737999999999,T,-40.0,,,0.0,0.0457763671875,20200719_003,0
604,63.814809999999994,T,30.0,6.456456456456457,3.6036036036036037,9.8724365234375,9.735107421875,20200719_003,0
606,64.04838,T,-0.0,7.407407407407407,4.704704704704705,7.8582763671875,7.6751708984375,20200719_003,0
608,64.29438999999999,T,20.0,6.756756756756757,3.653653653653654,9.246826171875,9.124755859375,20200719_003,0
610,64.56309999999999,T,-30.0,,,0.0,0.091552734375,20200719_003,0
612,64.78743,T,-5.0,7.707707707707708,4.954954954954956,7.049560546875,6.9580078125,20200719_003,0
614,64.96884,T,10.0,7.407407407407407,4.054054054054054,8.575439453125,8.3770751953125,20200719_003,0
616,65.20559,T,-10.0,8.458458458458459,5.7057057057057055,6.7901611328125,6.744384765625,20200719_003,0
618,65.44238,T,-20.0,8.95895895895896,6.906906906906907,2.1820068359375,2.38037109375,20200719_003,0
620,65.69650999999999,T,40.0,6.306306306306307,3.4534534534534536,10.6964111328125,10.6964111328125,20200719_003,0
622,65.86518,T,5.0,7.157157157157158,4.354354354354355,8.544921875,8.30078125,20200719_003,0
630,66.75128,T,-40.0,,,0.0,-0.030517578125,20200719_003,0
632,66.97829,T,30.0,6.306306306306307,3.5535535535535536,9.521484375,9.5062255859375,20200719_003,0
634,67.1506,T,0.0,7.5075075075075075,4.754754754754755,7.598876953125,7.50732421875,20200719_003,0
636,67.40677,T,20.0,6.556556556556557,3.9539539539539543,9.033203125,9.033203125,20200719_003,0
638,67.64707999999999,T,-30.0,,,0.0,-0.0457763671875,20200719_003,0
640,67.82291,T,-5.0,7.6076076076076085,5.105105105105106,6.8511962890625,6.8511962890625,20200719_003,0
642,68.06002,T,10.0,7.057057057057057,4.104104104104104,8.60595703125,8.3770751953125,20200719_003,0
644,68.31311,T,-10.0,8.458458458458459,5.155155155155155,7.1563720703125,6.89697265625,20200719_003,0
646,68.55211999999999,T,-20.0,10.610610610610612,7.457457457457458,5.92041015625,5.9814453125,20200719_003,0
648,68.80542999999999,T,40.0,6.056056056056057,3.3533533533533535,10.19287109375,10.07080078125,20200719_003,0
650,69.0379,T,5.0,7.207207207207207,4.2542542542542545,8.1329345703125,8.148193359375,20200719_003,0
1127,153.282865,T,-40.0,,,0.0,-0.030517578125,20200718_010,0
1129,153.54045499999998,T,-20.0,6.656656656656657,3.5035035035035036,10.7574462890625,10.6658935546875,20200718_010,0
1131,153.854965,T,30.0,4.604604604604605,2.052052052052052,11.3372802734375,11.4898681640625,20200718_010,0
1133,154.192995,T,10.0,4.954954954954956,2.052052052052052,12.3443603515625,11.993408203125,20200718_010,0
1135,154.50910499999998,T,5.0,5.005005005005005,2.3523523523523524,11.65771484375,11.5203857421875,20200718_010,0
1137,154.76799499999998,T,-30.0,7.807807807807809,4.954954954954956,7.5836181640625,7.50732421875,20200718_010,0
1139,155.024545,T,20.0,4.804804804804806,2.052052052052052,11.7645263671875,11.6424560546875,20200718_010,0
1141,155.29279499999998,T,40.0,4.654654654654655,2.052052052052052,11.383056640625,11.322021484375,20200718_010,0
1143,155.569405,T,-5.0,5.455455455455456,2.7527527527527527,12.26806640625,12.359619140625,20200718_010,0
1145,155.83789499999997,T,-10.0,5.9559559559559565,2.802802802802803,12.054443359375,12.0391845703125,20200718_010,0
1147,156.11136499999998,T,0.0,5.305305305305306,2.5025025025025025,12.1307373046875,12.2833251953125,20200718_010,0
1155,157.223785,T,-40.0,,,0.0,0.0152587890625,20200718_010,0
1157,157.387095,T,-20.0,7.007007007007007,3.6036036036036037,10.9405517578125,11.04736328125,20200718_010,0
1159,157.64610499999998,T,30.0,4.554554554554555,2.052052052052052,11.7340087890625,11.7034912109375,20200718_010,0
1161,157.96145499999997,T,10.0,4.904904904904905,2.2522522522522523,11.8560791015625,11.7950439453125,20200718_010,0
1163,158.26814499999998,T,5.0,5.205205205205205,2.402402402402403,11.8408203125,11.9171142578125,20200718_010,0
1165,158.55699499999997,T,-30.0,7.707707707707708,4.904904904904905,6.8511962890625,6.9122314453125,20200718_010,0
1167,158.70170499999998,T,20.0,4.854854854854855,2.052052052052052,11.65771484375,11.5966796875,20200718_010,0
1169,158.96585499999998,T,40.0,4.454454454454455,2.052052052052052,11.1846923828125,11.3067626953125,20200718_010,0
1171,159.285285,T,-5.0,5.605605605605606,2.7527527527527527,12.176513671875,12.1612548828125,20200718_010,0
1173,159.619195,T,-10.0,6.006006006006006,2.902902902902903,12.0849609375,12.1002197265625,20200718_010,0
1175,159.918805,T,0.0,5.205205205205205,2.5025025025025025,12.02392578125,12.054443359375,20200718_010,0
1183,160.94868499999998,T,-40.0,,,0.0,0.1068115234375,20200718_010,0
1185,161.113575,T,-20.0,6.806806806806807,3.4534534534534536,11.2762451171875,11.3067626953125,20200718_010,0
1187,161.385225,T,30.0,4.654654654654655,2.052052052052052,11.1541748046875,11.1541748046875,20200718_010,0
1189,161.68317499999998,T,10.0,4.954954954954956,2.152152152152152,11.7034912109375,11.688232421875,20200718_010,0
1191,161.95090499999998,T,5.0,5.105105105105106,2.2522522522522523,11.8255615234375,11.8560791015625,20200718_010,0
1193,162.247175,T,-30.0,7.707707707707708,5.205205205205205,7.1563720703125,7.1563720703125,20200718_010,0
1195,162.45260499999998,T,20.0,4.804804804804806,2.052052052052052,11.5814208984375,11.5203857421875,20200718_010,0
1197,162.74817499999997,T,40.0,4.504504504504505,2.052052052052052,11.5966796875,11.7340087890625,20200718_010,0
1199,163.00572499999998,T,-5.0,5.605605605605606,2.802802802802803,12.0697021484375,12.14599609375,20200718_010,0
1201,163.325975,T,-10.0,5.755755755755756,2.802802802802803,12.054443359375,12.1002197265625,20200718_010,0
1203,163.61198499999998,T,0.0,5.255255255255256,2.552552552552553,12.14599609375,12.2222900390625,20200718_010,0
1211,164.73644499999997,T,-40.0,,,0.0,-0.0152587890625,20200718_010,0
1213,165.035755,T,-20.0,6.656656656656657,3.5035035035035036,11.3067626953125,11.3677978515625,20200718_010,0
1215,165.31274499999998,T,30.0,4.754754754754755,2.052052052052052,11.8255615234375,11.932373046875,20200718_010,0
1217,165.566455,T,10.0,5.055055055055055,2.1021021021021022,11.4898681640625,11.3677978515625,20200718_010,0
1219,165.85312499999998,T,5.0,5.105105105105106,2.2522522522522523,12.237548828125,12.115478515625,20200718_010,0
1221,166.132295,T,-30.0,7.907907907907909,4.954954954954956,7.110595703125,7.0953369140625,20200718_010,0
1223,166.413245,T,20.0,5.005005005005005,2.052052052052052,11.8865966796875,11.6424560546875,20200718_010,0
1225,166.73619499999998,T,40.0,4.504504504504505,2.052052052052052,11.1083984375,11.1541748046875,20200718_010,0
1227,166.986125,T,-5.0,5.655655655655655,2.552552552552553,12.115478515625,11.9781494140625,20200718_010,0
1229,167.17055499999998,T,-10.0,5.8558558558558556,2.9529529529529532,11.8255615234375,11.8560791015625,20200718_010,0
1231,167.398305,T,0.0,5.355355355355355,2.2522522522522523,11.8255615234375,11.810302734375,20200718_010,0
1239,168.449985,T,-40.0,,,0.0,-0.0762939453125,20200718_010,0
1241,168.75765499999997,T,-20.0,6.706706706706707,3.3533533533533535,11.2457275390625,11.322021484375,20200718_010,0
1243,168.91472499999998,T,30.0,4.554554554554555,2.052052052052052,11.2457275390625,11.4288330078125,20200718_010,0
1245,169.23097499999997,T,10.0,5.005005005005005,2.2022022022022023,12.1002197265625,12.02392578125,20200718_010,0
1247,169.50174499999997,T,5.0,4.954954954954956,2.402402402402403,11.8865966796875,11.962890625,20200718_010,0
1249,169.77307499999998,T,-30.0,7.6076076076076085,5.205205205205205,7.0343017578125,7.14111328125,20200718_010,0
1251,170.06210499999997,T,20.0,4.804804804804806,2.052052052052052,12.3291015625,12.298583984375,20200718_010,0
1253,170.38627499999998,T,40.0,4.554554554554555,2.052052052052052,11.1846923828125,11.322021484375,20200718_010,0
1255,170.708385,T,-5.0,5.505505505505505,2.8528528528528527,11.810302734375,12.02392578125,20200718_010,0
1257,170.995995,T,-10.0,5.9559559559559565,2.9529529529529532,12.237548828125,12.1612548828125,20200718_010,0
1259,171.217065,T,0.0,5.155155155155155,2.3023023023023024,11.9781494140625,11.8560791015625,20200718_010,0
1267,172.333845,T,-40.0,,,0.0,-0.0762939453125,20200718_010,0
1269,172.593695,T,-20.0,6.606606606606607,3.3533533533533535,11.3677978515625,11.04736328125,20200718_010,0
1271,172.88340499999998,T,30.0,4.604604604604605,2.052052052052052,11.322021484375,11.474609375,20200718_010,0
1273,173.199795,T,10.0,4.954954954954956,2.2522522522522523,12.2833251953125,12.420654296875,20200718_010,0
1275,173.443345,T,5.0,5.055055055055055,2.5025025025025025,11.7340087890625,11.871337890625,20200718_010,0
1277,173.707775,T,-30.0,7.6576576576576585,5.205205205205205,7.720947265625,7.6751708984375,20200718_010,0
1279,174.01034499999997,T,20.0,4.854854854854855,2.052052052052052,12.0697021484375,11.90185546875,20200718_010,0
1281,174.291215,T,40.0,4.504504504504505,2.052052052052052,11.1541748046875,11.3677978515625,20200718_010,0
1283,174.57114499999997,T,-5.0,5.555555555555555,2.7527527527527527,12.5274658203125,12.481689453125,20200718_010,0
1285,174.84185499999998,T,-10.0,5.9059059059059065,3.003003003003003,11.9781494140625,12.0391845703125,20200718_010,0
1287,175.12174499999998,T,-0.0,5.255255255255256,2.552552552552553,11.4288330078125,11.5203857421875,20200718_010,0
1295,176.25250499999999,T,-40.0,,,0.0,-0.030517578125,20200718_010,0
1297,176.492055,T,-20.0,6.706706706706707,3.3033033033033035,11.5203857421875,11.5814208984375,20200718_010,0
1299,176.73940499999998,T,30.0,4.604604604604605,2.052052052052052,11.199951171875,11.4898681640625,20200718_010,0
1301,177.05155499999998,T,10.0,5.005005005005005,2.052052052052052,11.9171142578125,11.8255615234375,20200718_010,0
1303,177.33798499999997,T,5.0,4.954954954954956,2.052052052052052,12.1917724609375,11.9476318359375,20200718_010,0
1305,177.60465499999998,T,-30.0,7.5575575575575575,5.055055055055055,7.171630859375,7.0648193359375,20200718_010,0
1307,177.863005,T,20.0,4.654654654654655,2.052052052052052,11.90185546875,11.65771484375,20200718_010,0
1309,178.117775,T,40.0,4.554554554554555,2.052052052052052,11.322021484375,11.383056640625,20200718_010,0
1311,178.36832499999997,T,-5.0,5.555555555555555,2.4524524524524525,12.237548828125,12.176513671875,20200718_010,0
1313,178.591695,T,-10.0,5.805805805805806,2.802802802802803,12.237548828125,12.115478515625,20200718_010,0
1315,178.87346499999998,T,-0.0,5.255255255255256,2.5025025025025025,12.115478515625,11.90185546875,20200718_010,0
1323,179.80350499999997,T,-40.0,,,0.0,-0.030517578125,20200718_010,0
1325,180.11045499999997,T,-20.0,6.606606606606607,3.5535535535535536,11.383056640625,11.3372802734375,20200718_010,0
1327,180.42178499999997,T,30.0,4.654654654654655,2.052052052052052,11.65771484375,11.6119384765625,20200718_010,0
1329,180.72525499999998,T,10.0,4.954954954954956,2.1021021021021022,11.962890625,11.932373046875,20200718_010,0
1331,180.87928499999998,T,5.0,5.205205205205205,2.2022022022022023,12.0849609375,12.054443359375,20200718_010,0
1333,181.00841499999999,T,-30.0,8.458458458458459,6.306306306306307,6.591796875,6.866455078125,20200718_010,0
1335,181.13296499999998,T,20.0,4.904904904904905,2.052052052052052,11.0931396484375,11.016845703125,20200718_010,0
1337,181.327475,T,40.0,4.554554554554555,2.052052052052052,11.16943359375,11.29150390625,20200718_010,0
1339,181.60106499999998,T,-5.0,5.7057057057057055,2.7527527527527527,12.0849609375,12.1002197265625,20200718_010,0
1341,181.88241499999998,T,-10.0,5.8558558558558556,2.652652652652653,12.3138427734375,12.1612548828125,20200718_010,0
1343,182.189045,T,0.0,5.255255255255256,2.652652652652653,12.0086669921875,12.054443359375,20200718_010,0
1351,183.208905,T,-40.0,,,0.0,-0.0457763671875,20200718_010,0
1353,183.52029499999998,T,-20.0,6.806806806806807,3.6036036036036037,10.955810546875,11.2152099609375,20200718_010,0
1355,183.812965,T,30.0,4.654654654654655,2.052052052052052,11.810302734375,11.8865966796875,20200718_010,0
1357,184.102795,T,10.0,4.904904904904905,2.052052052052052,11.993408203125,11.8255615234375,20200718_010,0
1359,184.262185,T,5.0,5.205205205205205,2.1021021021021022,11.7034912109375,11.505126953125,20200718_010,0
1361,184.526175,T,-30.0,7.6076076076076085,5.205205205205205,7.476806640625,7.3699951171875,20200718_010,0
1363,184.81166499999998,T,20.0,4.804804804804806,2.052052052052052,11.7034912109375,11.6424560546875,20200718_010,0
1365,185.17395499999998,T,40.0,4.404404404404405,2.052052052052052,11.199951171875,11.2457275390625,20200718_010,0
1367,185.495185,T,-5.0,5.655655655655655,2.7027027027027026,11.8865966796875,12.0391845703125,20200718_010,0
1369,185.799355,T,-10.0,5.8558558558558556,2.7527527527527527,11.962890625,11.8560791015625,20200718_010,0
1371,186.131185,T,0.0,5.305305305305306,2.552552552552553,12.1307373046875,12.14599609375,20200718_010,0
1379,187.380645,T,-40.0,,,0.0,0.091552734375,20200718_010,0
1381,187.68015499999998,T,-20.0,6.556556556556557,3.5035035035035036,11.5203857421875,11.5814208984375,20200718_010,0
1383,187.964545,T,30.0,4.604604604604605,2.052052052052052,11.0015869140625,11.0626220703125,20200718_010,0
1385,188.30915499999998,T,10.0,4.804804804804806,2.052052052052052,12.3138427734375,12.1307373046875,20200718_010,0
1387,188.45118499999998,T,5.0,5.155155155155155,2.3523523523523524,11.23046875,11.2457275390625,20200718_010,0
1389,188.718155,T,-30.0,7.5575575575575575,5.205205205205205,6.9580078125,6.89697265625,20200718_010,0
1391,189.00840499999998,T,20.0,4.654654654654655,2.052052052052052,12.1002197265625,12.0697021484375,20200718_010,0
1393,189.30737499999998,T,40.0,4.554554554554555,2.052052052052052,11.41357421875,11.505126953125,20200718_010,0
1395,189.55182499999998,T,-5.0,5.605605605605606,2.902902902902903,12.1002197265625,12.176513671875,20200718_010,0
1397,189.79741499999997,T,-10.0,5.9059059059059065,2.8528528528528527,11.6424560546875,11.505126953125,20200718_010,0
1399,190.071645,T,0.0,5.255255255255256,2.552552552552553,11.9476318359375,11.9476318359375,20200718_010,0
1407,191.26852499999998,T,-40.0,,,0.0,-0.06103515625,20200718_010,0
1409,191.538795,T,-20.0,6.856856856856857,3.5535535535535536,11.383056640625,11.4288330078125,20200718_010,0
1411,191.843065,T,30.0,4.654654654654655,2.052052052052052,11.6119384765625,11.5509033203125,20200718_010,0
1413,192.15101499999997,T,10.0,5.005005005005005,2.052052052052052,12.0086669921875,11.9476318359375,20200718_010,0
1415,192.43328499999998,T,5.0,5.205205205205205,2.5025025025025025,11.4898681640625,11.4898681640625,20200718_010,0
1417,192.677955,T,-30.0,7.807807807807809,5.205205205205205,7.415771484375,7.4920654296875,20200718_010,0
1419,192.94686499999997,T,20.0,4.804804804804806,2.052052052052052,11.9171142578125,11.7950439453125,20200718_010,0
1421,193.25525499999998,T,40.0,4.454454454454455,2.052052052052052,11.29150390625,11.444091796875,20200718_010,0
1423,193.557405,T,-5.0,5.455455455455456,2.1021021021021022,12.237548828125,12.14599609375,20200718_010,0
1425,193.84899499999997,T,-10.0,5.9059059059059065,2.8528528528528527,11.749267578125,11.65771484375,20200718_010,0
1427,194.100945,T,0.0,5.105105105105106,2.5025025025025025,11.4288330078125,11.5203857421875,20200718_010,0
1435,195.204545,T,-40.0,,,0.0,-0.0762939453125,20200718_010,0
1437,195.30915499999998,T,-20.0,6.556556556556557,3.5535535535535536,11.3525390625,11.4898681640625,20200718_010,0
1439,195.40790499999997,T,30.0,4.654654654654655,2.052052052052052,11.077880859375,11.0931396484375,20200718_010,0
1441,195.52065499999998,T,10.0,5.005005005005005,2.052052052052052,11.04736328125,10.894775390625,20200718_010,0
1443,195.63490499999997,T,5.0,5.255255255255256,2.1021021021021022,11.3372802734375,11.1846923828125,20200718_010,0
1445,195.737395,T,-30.0,7.907907907907909,6.806806806806807,1.0986328125,5.279541015625,20200718_010,0
1447,195.82624499999997,T,20.0,4.954954954954956,2.052052052052052,11.5814208984375,11.5966796875,20200718_010,0
1449,195.92125499999997,T,40.0,4.554554554554555,2.052052052052052,10.528564453125,10.650634765625,20200718_010,0
175,28.174407499999997,T,-5.0,5.255255255255256,2.152152152152152,6.4239501953125,6.3323974609375,20200718_007,0
177,28.4620975,T,5.0,5.505505505505505,2.052052052052052,7.049560546875,6.77490234375,20200718_007,0
179,28.7824675,T,0.0,5.7057057057057055,2.2522522522522523,6.9732666015625,6.5765380859375,20200718_007,0
181,28.915757499999998,T,40.0,,,0.0,6.439208984375,20200718_007,0
183,29.082387499999996,T,-20.0,7.207207207207207,3.853853853853854,5.1727294921875,5.126953125,20200718_007,0
185,29.298417499999996,T,-30.0,8.608608608608607,5.355355355355355,3.47900390625,3.265380859375,20200718_007,0
187,29.601987499999996,T,-10.0,6.056056056056057,2.7027027027027026,6.3934326171875,6.0272216796875,20200718_007,0
189,29.800897499999998,T,20.0,,,0.0,6.6375732421875,20200718_007,0
191,30.0639075,T,-40.0,,,0.0,-0.1373291015625,20200718_007,0
193,30.351617499999996,T,30.0,,,0.0,6.8511962890625,20200718_007,0
195,30.650267499999998,T,10.0,5.255255255255256,2.052052052052052,7.2479248046875,6.927490234375,20200718_007,0
203,31.837367499999996,T,-5.0,5.7057057057057055,2.6026026026026026,6.683349609375,6.4239501953125,20200718_007,0
205,32.1313775,T,5.0,5.355355355355355,2.1021021021021022,6.6680908203125,6.5155029296875,20200718_007,0
207,32.4284075,T,0.0,5.505505505505505,2.652652652652653,6.683349609375,6.7138671875,20200718_007,0
209,32.7113575,T,40.0,,,0.0,7.0037841796875,20200718_007,0
211,33.0134275,T,-20.0,7.107107107107107,3.653653653653654,5.31005859375,5.2947998046875,20200718_007,0
213,33.3081575,T,-30.0,8.258258258258259,4.754754754754755,3.662109375,3.936767578125,20200718_007,0
215,33.6023675,T,-10.0,6.056056056056057,2.902902902902903,6.4239501953125,6.2103271484375,20200718_007,0
217,33.866117499999994,T,20.0,4.954954954954956,2.052052052052052,7.14111328125,6.9580078125,20200718_007,0
219,34.1718675,T,-40.0,,,0.0,0.0152587890625,20200718_007,0
221,34.4622975,T,30.0,,,0.0,6.866455078125,20200718_007,0
223,34.6095675,T,10.0,5.555555555555555,2.052052052052052,7.232666015625,7.0953369140625,20200718_007,0
231,35.660307499999995,T,-5.0,5.555555555555555,2.3523523523523524,6.561279296875,6.3629150390625,20200718_007,0
233,35.9393775,T,5.0,5.405405405405405,2.052052052052052,7.14111328125,7.0343017578125,20200718_007,0
235,36.2032075,T,0.0,5.655655655655655,2.402402402402403,6.7596435546875,6.8206787109375,20200718_007,0
237,36.5133575,T,40.0,,,0.0,6.7138671875,20200718_007,0
239,36.7847875,T,-20.0,6.906906906906907,3.653653653653654,5.523681640625,5.706787109375,20200718_007,0
241,37.092457499999995,T,-30.0,8.108108108108109,5.005005005005005,3.9825439453125,4.1351318359375,20200718_007,0
243,37.341207499999996,T,-10.0,5.8558558558558556,2.902902902902903,6.2713623046875,6.2103271484375,20200718_007,0
245,37.6000175,T,20.0,4.954954954954956,2.052052052052052,7.3394775390625,7.2174072265625,20200718_007,0
247,37.8740075,T,-40.0,,,0.0,0.1068115234375,20200718_007,0
249,38.1610975,T,30.0,,,0.0,7.0648193359375,20200718_007,0
251,38.453667499999995,T,10.0,5.455455455455456,2.052052052052052,7.4005126953125,7.293701171875,20200718_007,0
259,39.4542875,T,-5.0,5.805805805805806,2.402402402402403,6.6070556640625,6.4544677734375,20200718_007,0
261,39.690417499999995,T,5.0,5.555555555555555,2.2522522522522523,7.4920654296875,7.4920654296875,20200718_007,0
263,39.96796749999999,T,0.0,5.7057057057057055,2.4524524524524525,6.9427490234375,7.0037841796875,20200718_007,0
265,40.276977499999994,T,40.0,,,0.0,6.8359375,20200718_007,0
267,40.608307499999995,T,-20.0,7.407407407407407,3.653653653653654,5.4168701171875,5.615234375,20200718_007,0
269,40.921617499999996,T,-30.0,8.308308308308309,4.554554554554555,3.875732421875,3.8299560546875,20200718_007,0
271,41.22998749999999,T,-10.0,5.8558558558558556,2.902902902902903,6.500244140625,6.3323974609375,20200718_007,0
273,41.5720975,T,20.0,,,0.0,7.38525390625,20200718_007,0
275,41.909927499999995,T,-40.0,,,0.0,0.06103515625,20200718_007,0
277,42.2408575,T,30.0,4.654654654654655,2.052052052052052,7.2784423828125,7.32421875,20200718_007,0
279,42.58038749999999,T,10.0,,,0.0,6.9122314453125,20200718_007,0
287,43.80186749999999,T,-5.0,5.755755755755756,2.8528528528528527,6.8359375,6.9580078125,20200718_007,0
289,44.095657499999994,T,5.0,5.305305305305306,2.2522522522522523,6.89697265625,6.805419921875,20200718_007,0
291,44.4094675,T,-0.0,5.805805805805806,2.4524524524524525,6.6070556640625,6.53076171875,20200718_007,0
293,44.669957499999995,T,40.0,5.105105105105106,2.052052052052052,7.110595703125,7.080078125,20200718_007,0
295,44.979367499999995,T,-20.0,7.057057057057057,3.5535535535535536,5.523681640625,5.5084228515625,20200718_007,0
297,45.27869749999999,T,-30.0,7.957957957957958,4.854854854854855,3.96728515625,3.8604736328125,20200718_007,0
299,45.587667499999995,T,-10.0,5.9559559559559565,2.552552552552553,6.988525390625,6.8359375,20200718_007,0
301,45.929757499999994,T,20.0,4.904904904904905,2.052052052052052,7.171630859375,7.080078125,20200718_007,0
303,46.2551675,T,-40.0,,,0.0,0.0457763671875,20200718_007,0
305,46.596757499999995,T,30.0,4.654654654654655,2.052052052052052,7.0343017578125,7.110595703125,20200718_007,0
307,46.887567499999996,T,10.0,5.455455455455456,2.052052052052052,7.568359375,7.4920654296875,20200718_007,0
315,48.1212075,T,-5.0,5.755755755755756,2.652652652652653,6.7901611328125,6.7596435546875,20200718_007,0
317,48.434797499999995,T,5.0,5.405405405405405,2.1021021021021022,7.2174072265625,7.0343017578125,20200718_007,0
319,48.730887499999994,T,0.0,5.605605605605606,2.402402402402403,6.8511962890625,6.7138671875,20200718_007,0
321,49.02173749999999,T,40.0,,,0.0,7.354736328125,20200718_007,0
323,49.327687499999996,T,-20.0,6.856856856856857,3.4534534534534536,6.011962890625,5.8441162109375,20200718_007,0
325,49.6145575,T,-30.0,7.5575575575575575,4.904904904904905,4.974365234375,4.8065185546875,20200718_007,0
327,49.8933675,T,-10.0,6.006006006006006,2.802802802802803,6.5460205078125,6.6375732421875,20200718_007,0
329,50.218357499999996,T,20.0,5.155155155155155,2.052052052052052,7.6446533203125,7.4310302734375,20200718_007,0
331,50.545627499999995,T,-40.0,,,0.0,0.1068115234375,20200718_007,0
333,50.8701575,T,30.0,4.704704704704705,2.052052052052052,7.38525390625,7.4005126953125,20200718_007,0
335,51.169707499999994,T,10.0,5.205205205205205,2.052052052052052,7.598876953125,7.3699951171875,20200718_007,0
343,52.451387499999996,T,-5.0,5.555555555555555,2.652652652652653,6.8511962890625,6.866455078125,20200718_007,0
345,52.76857749999999,T,5.0,5.655655655655655,2.2522522522522523,7.14111328125,7.1563720703125,20200718_007,0
347,53.0782275,T,0.0,5.7057057057057055,2.402402402402403,7.0037841796875,6.927490234375,20200718_007,0
349,53.407197499999995,T,40.0,,,0.0,7.1258544921875,20200718_007,0
351,53.69000749999999,T,-20.0,7.057057057057057,3.5535535535535536,5.767822265625,5.9356689453125,20200718_007,0
353,53.97539749999999,T,-30.0,7.7577577577577586,4.904904904904905,4.33349609375,4.5623779296875,20200718_007,0
355,54.305387499999995,T,-10.0,6.006006006006006,2.8528528528528527,6.77490234375,6.7596435546875,20200718_007,0
357,54.613117499999994,T,20.0,4.854854854854855,2.052052052052052,7.2021484375,7.080078125,20200718_007,0
359,54.9085675,T,-40.0,,,0.0,-0.030517578125,20200718_007,0
361,55.22447749999999,T,30.0,4.754754754754755,2.052052052052052,7.1258544921875,7.3089599609375,20200718_007,0
363,55.5545675,T,10.0,5.505505505505505,2.152152152152152,7.9345703125,7.8125,20200718_007,0
371,56.795087499999994,T,-5.0,5.555555555555555,2.802802802802803,6.805419921875,6.927490234375,20200718_007,0
373,57.098477499999994,T,5.0,5.355355355355355,2.2022022022022023,6.988525390625,6.8817138671875,20200718_007,0
375,57.37076749999999,T,-0.0,5.655655655655655,2.402402402402403,7.38525390625,7.4310302734375,20200718_007,0
377,57.69085749999999,T,40.0,4.704704704704705,2.052052052052052,7.049560546875,7.171630859375,20200718_007,0
379,57.8558275,T,-20.0,6.856856856856857,3.6036036036036037,5.55419921875,5.55419921875,20200718_007,0
381,58.101857499999994,T,-30.0,8.70870870870871,4.654654654654655,4.5318603515625,4.5013427734375,20200718_007,0
383,58.3916675,T,-10.0,5.9559559559559565,2.652652652652653,6.8206787109375,6.8817138671875,20200718_007,0
385,58.70531749999999,T,20.0,5.005005005005005,2.052052052052052,7.4920654296875,7.598876953125,20200718_007,0
387,59.0130675,T,-40.0,,,0.0,-0.0152587890625,20200718_007,0
389,59.306077499999994,T,30.0,4.654654654654655,2.052052052052052,7.5531005859375,7.7362060546875,20200718_007,0
391,59.6243875,T,10.0,5.605605605605606,2.152152152152152,7.6446533203125,7.6446533203125,20200718_007,0
399,60.84658749999999,T,-5.0,5.7057057057057055,2.652652652652653,7.1563720703125,7.080078125,20200718_007,0
401,61.1488775,T,5.0,5.505505505505505,2.402402402402403,7.1258544921875,7.1563720703125,20200718_007,0
403,61.4661675,T,0.0,5.605605605605606,2.402402402402403,7.0343017578125,6.988525390625,20200718_007,0
405,61.73761749999999,T,40.0,4.654654654654655,2.052052052052052,6.6680908203125,6.9732666015625,20200718_007,0
407,62.067367499999996,T,-20.0,6.656656656656657,3.5535535535535536,6.1492919921875,6.134033203125,20200718_007,0
409,62.391257499999995,T,-30.0,7.807807807807809,4.704704704704705,5.035400390625,4.8065185546875,20200718_007,0
411,62.677027499999994,T,-10.0,5.755755755755756,2.7527527527527527,7.171630859375,6.9427490234375,20200718_007,0
413,62.94575749999999,T,20.0,4.854854854854855,2.052052052052052,7.476806640625,7.5836181640625,20200718_007,0
415,63.25946749999999,T,-40.0,,,0.0,0.0,20200718_007,0
417,63.567497499999995,T,30.0,4.654654654654655,2.052052052052052,7.5836181640625,7.537841796875,20200718_007,0
419,63.908067499999994,T,10.0,5.405405405405405,2.052052052052052,7.87353515625,7.6904296875,20200718_007,0
427,65.1861275,T,-5.0,5.405405405405405,2.552552552552553,6.89697265625,6.988525390625,20200718_007,0
429,65.45749749999999,T,5.0,5.9059059059059065,2.2022022022022023,7.354736328125,7.14111328125,20200718_007,0
431,65.7485675,T,0.0,5.605605605605606,2.2022022022022023,7.2021484375,7.14111328125,20200718_007,0
433,66.0702175,T,40.0,4.754754754754755,2.052052052052052,7.232666015625,7.476806640625,20200718_007,0
435,66.3680675,T,-20.0,7.307307307307308,3.4534534534534536,5.767822265625,5.6915283203125,20200718_007,0
437,66.5423775,T,-30.0,7.707707707707708,4.904904904904905,2.471923828125,2.4261474609375,20200718_007,0
439,66.7783075,T,-10.0,5.805805805805806,2.652652652652653,7.2021484375,7.01904296875,20200718_007,0
441,67.0930975,T,20.0,5.205205205205205,2.052052052052052,7.8277587890625,7.87353515625,20200718_007,0
443,67.4313675,T,-40.0,,,0.0,-0.030517578125,20200718_007,0
445,67.71807749999999,T,30.0,4.704704704704705,2.052052052052052,7.62939453125,7.6904296875,20200718_007,0
447,68.01588749999999,T,10.0,4.904904904904905,2.052052052052052,7.6141357421875,7.4310302734375,20200718_007,0
455,69.27922749999999,T,-5.0,5.605605605605606,2.6026026026026026,7.843017578125,7.4462890625,20200718_007,0
457,69.57265749999999,T,5.0,5.255255255255256,2.052052052052052,7.4462890625,7.2479248046875,20200718_007,0
459,69.92912749999999,T,0.0,5.805805805805806,2.4524524524524525,7.62939453125,7.38525390625,20200718_007,0
461,70.2136175,T,40.0,4.654654654654655,2.052052052052052,7.32421875,7.4005126953125,20200718_007,0
463,70.5118875,T,-20.0,6.856856856856857,3.6036036036036037,5.9814453125,6.2408447265625,20200718_007,0
465,70.8023575,T,-30.0,8.358358358358359,4.604604604604605,4.08935546875,3.96728515625,20200718_007,0
467,71.12310749999999,T,-10.0,5.9559559559559565,2.7027027027027026,7.1258544921875,7.0648193359375,20200718_007,0
469,71.4595775,T,20.0,4.904904904904905,2.052052052052052,7.720947265625,7.5531005859375,20200718_007,0
471,71.8109875,T,-40.0,,,0.0,-0.091552734375,20200718_007,0
473,72.1165575,T,30.0,4.654654654654655,2.052052052052052,7.843017578125,8.11767578125,20200718_007,0
475,72.4364275,T,10.0,5.005005005005005,2.052052052052052,7.7362060546875,7.659912109375,20200718_007,0
483,73.7459875,T,-5.0,5.7057057057057055,2.552552552552553,7.293701171875,7.14111328125,20200718_007,0
485,74.05729749999999,T,5.0,5.255255255255256,2.1021021021021022,7.32421875,7.1258544921875,20200718_007,0
487,74.3608275,T,0.0,5.605605605605606,2.552552552552553,7.415771484375,7.354736328125,20200718_007,0
489,74.6718975,T,40.0,4.604604604604605,2.052052052052052,7.32421875,7.354736328125,20200718_007,0
491,74.9945875,T,-20.0,6.606606606606607,3.5035035035035036,6.195068359375,6.2713623046875,20200718_007,0
493,75.28889749999999,T,-30.0,7.957957957957958,4.604604604604605,5.035400390625,4.6844482421875,20200718_007,0
495,75.58826749999999,T,-10.0,5.805805805805806,2.802802802802803,7.0037841796875,7.0953369140625,20200718_007,0
497,75.9118575,T,20.0,5.105105105105106,2.052052052052052,7.659912109375,7.6751708984375,20200718_007,0
499,76.25706749999999,T,-40.0,,,0.0,-0.18310546875,20200718_007,0
501,76.60121749999999,T,30.0,4.654654654654655,2.052052052052052,7.476806640625,7.6904296875,20200718_007,0
503,76.89258749999999,T,10.0,5.305305305305306,2.152152152152152,7.8277587890625,7.6751708984375,20200718_007,0
511,78.1586875,T,-5.0,5.555555555555555,2.5025025025025025,7.110595703125,7.0037841796875,20200718_007,0
513,78.41721749999999,T,5.0,5.305305305305306,2.3023023023023024,7.3089599609375,7.4005126953125,20200718_007,0
515,78.71328749999999,T,0.0,5.755755755755756,2.552552552552553,7.2479248046875,7.2784423828125,20200718_007,0
517,79.0206575,T,40.0,4.654654654654655,2.052052052052052,7.26318359375,7.476806640625,20200718_007,0
519,79.29246749999999,T,-20.0,6.956956956956957,3.6036036036036037,5.7525634765625,5.9356689453125,20200718_007,0
521,79.5909375,T,-30.0,7.457457457457458,4.804804804804806,5.0811767578125,4.974365234375,20200718_007,0
523,79.7409675,T,-10.0,5.8558558558558556,2.7527527527527527,7.2174072265625,7.080078125,20200718_007,0
525,79.9984975,T,20.0,5.105105105105106,2.052052052052052,7.99560546875,7.965087890625,20200718_007,0
527,80.2700675,T,-40.0,,,0.0,-0.0457763671875,20200718_007,0
529,80.5741975,T,30.0,4.754754754754755,2.052052052052052,7.904052734375,8.0108642578125,20200718_007,0
531,80.91228749999999,T,10.0,5.405405405405405,2.052052052052052,7.965087890625,7.8277587890625,20200718_007,0
539,82.1858075,T,-5.0,5.555555555555555,2.552552552552553,7.537841796875,7.5225830078125,20200718_007,0
541,82.4624575,T,5.0,5.305305305305306,2.2022022022022023,7.6446533203125,7.568359375,20200718_007,0
543,82.77048749999999,T,-0.0,5.605605605605606,2.2022022022022023,7.568359375,7.5531005859375,20200718_007,0
545,83.10269749999999,T,40.0,4.704704704704705,2.052052052052052,7.6904296875,7.843017578125,20200718_007,0
547,83.41478749999999,T,-20.0,6.506506506506507,3.4534534534534536,6.4239501953125,6.2408447265625,20200718_007,0
549,83.73445749999999,T,-30.0,7.6076076076076085,4.554554554554555,4.7454833984375,4.69970703125,20200718_007,0
551,84.01740749999999,T,-10.0,5.805805805805806,2.8528528528528527,7.110595703125,7.01904296875,20200718_007,0
553,84.27295749999999,T,20.0,5.005005005005005,2.052052052052052,7.6904296875,7.6904296875,20200718_007,0
555,84.5770675,T,-40.0,,,0.0,0.0,20200718_007,0
557,84.8586775,T,30.0,4.554554554554555,2.052052052052052,7.6751708984375,7.7362060546875,20200718_007,0
559,85.16110749999999,T,10.0,4.904904904904905,2.2022022022022023,7.9345703125,7.904052734375,20200718_007,0
567,86.1462675,T,-5.0,5.655655655655655,2.7027027027027026,7.4310302734375,7.3089599609375,20200718_007,0
569,86.39393749999999,T,5.0,5.355355355355355,2.2022022022022023,7.598876953125,7.415771484375,20200718_007,0
571,86.67266749999999,T,-0.0,5.655655655655655,2.4524524524524525,7.4005126953125,7.32421875,20200718_007,0
573,86.92119749999999,T,40.0,4.704704704704705,2.052052052052052,7.4310302734375,7.32421875,20200718_007,0
575,87.18896749999999,T,-20.0,6.956956956956957,3.3533533533533535,6.2408447265625,6.134033203125,20200718_007,0
577,87.47881749999999,T,-30.0,7.707707707707708,4.654654654654655,4.9591064453125,4.791259765625,20200718_007,0
257,37.357302499999996,T,-0.0,5.9559559559559565,3.003003003003003,7.537841796875,7.232666015625,20200718_008,0
259,37.6392525,T,40.0,5.405405405405405,2.402402402402403,7.781982421875,8.087158203125,20200718_008,0
261,37.956962499999996,T,20.0,5.805805805805806,2.6026026026026026,7.7972412109375,7.6904296875,20200718_008,0
263,38.286852499999995,T,-40.0,,,0.0,0.5340576171875,20200718_008,0
265,38.434302499999994,T,-30.0,,,0.0,1.617431640625,20200718_008,0
267,38.553932499999995,T,30.0,5.455455455455456,2.052052052052052,8.758544921875,9.063720703125,20200718_008,0
269,38.7000025,T,-20.0,8.85885885885886,4.704704704704705,4.33349609375,5.279541015625,20200718_008,0
271,38.902312499999994,T,5.0,5.8558558558558556,3.0530530530530533,8.1634521484375,8.819580078125,20200718_008,0
273,39.191062499999994,T,-10.0,7.057057057057057,3.7037037037037037,7.4005126953125,7.080078125,20200718_008,0
275,39.481892499999994,T,10.0,5.9559559559559565,2.7027027027027026,8.9111328125,8.7738037109375,20200718_008,0
277,39.8078425,T,-5.0,6.606606606606607,3.4034034034034035,7.293701171875,7.293701171875,20200718_008,0
285,41.0280425,T,-0.0,6.606606606606607,3.1531531531531534,8.026123046875,7.75146484375,20200718_008,0
287,41.349892499999996,T,40.0,6.706706706706707,2.052052052052052,8.9569091796875,9.1400146484375,20200718_008,0
289,41.672462499999995,T,20.0,7.007007007007007,2.6026026026026026,8.4991455078125,8.3465576171875,20200718_008,0
291,41.9750125,T,-40.0,,,0.0,-0.0457763671875,20200718_008,0
293,42.30332249999999,T,-30.0,,,0.0,0.6103515625,20200718_008,0
295,42.4455325,T,30.0,6.656656656656657,2.052052052052052,8.5906982421875,8.3465576171875,20200718_008,0
297,42.683722499999995,T,-20.0,8.008008008008009,4.354354354354355,6.103515625,6.4849853515625,20200718_008,0
299,42.9731125,T,5.0,5.8558558558558556,2.9529529529529532,8.30078125,8.1787109375,20200718_008,0
301,43.279402499999996,T,-10.0,6.556556556556557,3.653653653653654,7.7362060546875,7.7056884765625,20200718_008,0
303,43.610832499999994,T,10.0,7.907907907907909,3.003003003003003,8.392333984375,8.2244873046875,20200718_008,0
305,43.863122499999996,T,-5.0,6.306306306306307,3.4034034034034035,7.781982421875,7.9345703125,20200718_008,0
313,45.077502499999994,T,-0.0,6.306306306306307,3.1031031031031033,8.4228515625,8.3465576171875,20200718_008,0
315,45.3885325,T,40.0,5.505505505505505,2.2022022022022023,8.30078125,8.4228515625,20200718_008,0
317,45.691002499999996,T,20.0,5.655655655655655,2.7527527527527527,8.48388671875,8.514404296875,20200718_008,0
319,45.9747925,T,-40.0,,,0.0,-0.0152587890625,20200718_008,0
321,46.259502499999996,T,-30.0,,,0.0,0.885009765625,20200718_008,0
323,46.55437249999999,T,30.0,5.605605605605606,2.3523523523523524,8.5906982421875,8.60595703125,20200718_008,0
325,46.886022499999996,T,-20.0,8.208208208208209,4.354354354354355,6.40869140625,6.3323974609375,20200718_008,0
327,47.192412499999996,T,5.0,6.006006006006006,3.0530530530530533,8.23974609375,8.0108642578125,20200718_008,0
329,47.46510249999999,T,-10.0,6.856856856856857,3.6036036036036037,7.476806640625,7.7056884765625,20200718_008,0
331,47.7177325,T,10.0,5.755755755755756,2.7527527527527527,8.148193359375,8.148193359375,20200718_008,0
333,47.9999025,T,-5.0,6.706706706706707,3.3533533533533535,7.659912109375,7.8125,20200718_008,0
341,49.054962499999995,T,0.0,6.556556556556557,3.1031031031031033,8.4381103515625,8.4228515625,20200718_008,0
343,49.358732499999995,T,40.0,5.605605605605606,2.402402402402403,8.4381103515625,8.392333984375,20200718_008,0
345,49.6615025,T,20.0,5.655655655655655,2.652652652652653,8.6212158203125,8.5601806640625,20200718_008,0
347,49.960092499999995,T,-40.0,,,0.0,-0.030517578125,20200718_008,0
349,50.2957025,T,-30.0,,,0.0,0.701904296875,20200718_008,0
351,50.61629249999999,T,30.0,5.505505505505505,2.152152152152152,8.0108642578125,8.2244873046875,20200718_008,0
353,50.919802499999996,T,-20.0,8.358358358358359,5.055055055055055,6.011962890625,6.2408447265625,20200718_008,0
355,51.2331125,T,5.0,5.9559559559559565,2.9529529529529532,8.0718994140625,8.1787109375,20200718_008,0
357,51.53662249999999,T,-10.0,6.756756756756757,3.7037037037037037,8.056640625,8.1024169921875,20200718_008,0
359,51.839992499999994,T,10.0,6.006006006006006,2.7027027027027026,8.697509765625,8.6669921875,20200718_008,0
361,52.204742499999995,T,-5.0,6.706706706706707,3.4534534534534536,8.4228515625,8.48388671875,20200718_008,0
369,53.452262499999996,T,0.0,6.756756756756757,3.0530530530530533,8.026123046875,8.0718994140625,20200718_008,0
371,53.7817125,T,40.0,5.505505505505505,2.2522522522522523,7.9193115234375,8.056640625,20200718_008,0
373,54.1031425,T,20.0,7.307307307307308,2.6026026026026026,8.30078125,8.36181640625,20200718_008,0
375,54.4391925,T,-40.0,,,0.0,0.0,20200718_008,0
377,54.7393625,T,-30.0,,,0.0,0.67138671875,20200718_008,0
379,55.0634525,T,30.0,5.655655655655655,2.152152152152152,8.2244873046875,8.2550048828125,20200718_008,0
381,55.397302499999995,T,-20.0,7.807807807807809,4.854854854854855,6.011962890625,6.34765625,20200718_008,0
383,55.698792499999996,T,5.0,6.106106106106107,2.9529529529529532,8.148193359375,8.148193359375,20200718_008,0
385,56.0222225,T,-10.0,7.257257257257257,3.8038038038038042,7.965087890625,7.9498291015625,20200718_008,0
387,56.382392499999995,T,10.0,5.605605605605606,2.9529529529529532,8.36181640625,8.36181640625,20200718_008,0
389,56.68696249999999,T,-5.0,6.556556556556557,3.3033033033033035,7.537841796875,7.659912109375,20200718_008,0
397,58.0179225,T,0.0,6.306306306306307,3.3533533533533535,7.9498291015625,8.0108642578125,20200718_008,0
399,58.3431125,T,40.0,5.255255255255256,2.152152152152152,8.4075927734375,8.514404296875,20200718_008,0
401,58.70010249999999,T,20.0,7.007007007007007,2.7527527527527527,8.2855224609375,8.2855224609375,20200718_008,0
403,58.84173249999999,T,-40.0,,,0.0,0.06103515625,20200718_008,0
405,59.12090249999999,T,-30.0,,,0.0,0.8087158203125,20200718_008,0
407,59.43313249999999,T,30.0,5.655655655655655,2.402402402402403,7.7972412109375,7.904052734375,20200718_008,0
409,59.75810249999999,T,-20.0,8.308308308308309,4.904904904904905,6.072998046875,6.4849853515625,20200718_008,0
411,60.04913249999999,T,5.0,6.106106106106107,2.9529529529529532,8.60595703125,8.6517333984375,20200718_008,0
413,60.33804249999999,T,-10.0,7.357357357357357,3.7037037037037037,7.9345703125,8.087158203125,20200718_008,0
415,60.625992499999995,T,10.0,6.006006006006006,2.8528528528528527,8.6212158203125,8.636474609375,20200718_008,0
417,60.972162499999996,T,-5.0,7.007007007007007,3.3533533533533535,8.6822509765625,8.880615234375,20200718_008,0
425,62.322222499999995,T,0.0,6.456456456456457,3.1531531531531534,8.331298828125,8.3160400390625,20200718_008,0
427,62.46485249999999,T,40.0,5.555555555555555,2.2022022022022023,7.781982421875,8.0718994140625,20200718_008,0
429,62.70760249999999,T,20.0,5.655655655655655,2.7527527527527527,8.7738037109375,8.758544921875,20200718_008,0
431,62.997412499999996,T,-40.0,,,0.0,0.1373291015625,20200718_008,0
433,63.29416249999999,T,-30.0,,,0.0,0.8087158203125,20200718_008,0
435,63.582052499999996,T,30.0,5.505505505505505,2.2522522522522523,8.30078125,8.4075927734375,20200718_008,0
437,63.87842249999999,T,-20.0,8.158158158158159,4.504504504504505,6.317138671875,6.744384765625,20200718_008,0
439,64.1797325,T,5.0,5.9559559559559565,2.902902902902903,8.3160400390625,8.48388671875,20200718_008,0
441,64.51190249999999,T,-10.0,6.756756756756757,3.6036036036036037,7.843017578125,8.1634521484375,20200718_008,0
443,64.83053249999999,T,10.0,5.9059059059059065,2.402402402402403,8.60595703125,8.5601806640625,20200718_008,0
445,65.12056249999999,T,-5.0,6.856856856856857,2.5025025025025025,8.23974609375,8.026123046875,20200718_008,0
453,66.4197025,T,0.0,5.9059059059059065,3.1031031031031033,7.6904296875,7.843017578125,20200718_008,0
455,66.7595125,T,40.0,5.405405405405405,2.052052052052052,8.7432861328125,8.7890625,20200718_008,0
457,67.05090249999999,T,20.0,5.755755755755756,2.6026026026026026,7.9193115234375,7.9345703125,20200718_008,0
459,67.3814125,T,-40.0,,,0.0,-0.06103515625,20200718_008,0
461,67.6558025,T,-30.0,,,0.0,0.823974609375,20200718_008,0
463,67.9492925,T,30.0,5.355355355355355,2.3023023023023024,8.148193359375,8.3770751953125,20200718_008,0
465,68.23902249999999,T,-20.0,8.158158158158159,4.854854854854855,5.9967041015625,6.256103515625,20200718_008,0
467,68.5202525,T,5.0,6.006006006006006,2.9529529529529532,8.3160400390625,8.453369140625,20200718_008,0
469,68.8393225,T,-10.0,7.107107107107107,3.653653653653654,8.026123046875,8.0413818359375,20200718_008,0
471,69.13559249999999,T,10.0,5.755755755755756,2.7027027027027026,8.2550048828125,8.209228515625,20200718_008,0
473,69.2950025,T,-5.0,6.706706706706707,3.3033033033033035,8.209228515625,8.2244873046875,20200718_008,0
481,70.4039225,T,0.0,6.406406406406407,3.2532532532532534,8.1329345703125,8.2550048828125,20200718_008,0
483,70.70831249999999,T,40.0,5.455455455455456,2.152152152152152,8.4075927734375,8.392333984375,20200718_008,0
485,71.0279025,T,20.0,5.8558558558558556,2.402402402402403,8.9263916015625,8.9111328125,20200718_008,0
487,71.16675249999999,T,-40.0,,,0.0,-0.0457763671875,20200718_008,0
489,71.43212249999999,T,-30.0,10.41041041041041,6.756756756756757,0.42724609375,0.8087158203125,20200718_008,0
491,71.7606325,T,30.0,6.656656656656657,2.3523523523523524,8.97216796875,9.2010498046875,20200718_008,0
493,72.0700425,T,-20.0,8.408408408408409,4.504504504504505,6.2255859375,6.28662109375,20200718_008,0
495,72.3583125,T,5.0,6.006006006006006,2.802802802802803,8.758544921875,8.9569091796875,20200718_008,0
497,72.6407625,T,-10.0,6.606606606606607,3.7537537537537538,8.026123046875,8.3160400390625,20200718_008,0
499,72.79435249999999,T,10.0,6.206206206206207,2.8528528528528527,9.002685546875,9.033203125,20200718_008,0
501,73.0562025,T,-5.0,6.556556556556557,3.4034034034034035,8.11767578125,8.2244873046875,20200718_008,0
509,74.2905225,T,0.0,6.506506506506507,2.5025025025025025,8.30078125,8.3160400390625,20200718_008,0
511,74.5677125,T,40.0,5.355355355355355,2.3523523523523524,8.3770751953125,8.392333984375,20200718_008,0
513,74.87082249999999,T,20.0,5.555555555555555,2.5025025025025025,8.1787109375,8.2855224609375,20200718_008,0
515,75.21865249999999,T,-40.0,,,0.0,0.06103515625,20200718_008,0
517,75.5576425,T,-30.0,,,0.0,0.9002685546875,20200718_008,0
519,75.8769925,T,30.0,5.655655655655655,2.2022022022022023,8.1634521484375,8.36181640625,20200718_008,0
521,76.1878225,T,-20.0,8.058058058058059,4.754754754754755,5.950927734375,6.2408447265625,20200718_008,0
523,76.4826925,T,5.0,6.106106106106107,3.1031031031031033,8.72802734375,8.6822509765625,20200718_008,0
525,76.7804225,T,-10.0,6.806806806806807,3.6036036036036037,7.7972412109375,7.87353515625,20200718_008,0
527,77.11889249999999,T,10.0,6.056056056056057,2.552552552552553,8.5296630859375,8.48388671875,20200718_008,0
529,77.4611025,T,-5.0,6.956956956956957,3.2532532532532534,8.3160400390625,8.331298828125,20200718_008,0
537,78.69466249999999,T,0.0,6.556556556556557,3.1031031031031033,8.60595703125,8.6212158203125,20200718_008,0
539,78.9764525,T,40.0,5.655655655655655,2.3023023023023024,8.2855224609375,8.544921875,20200718_008,0
3495,328.85083249999997,T,20.0,4.421768707482993,2.440976390556223,8.331298828125,8.4381103515625,20200525_003,0
3499,329.27793249999996,T,40.0,,,0.0,9.124755859375,20200525_003,0
3503,329.6352525,T,30.0,,,0.0,8.880615234375,20200525_003,0
3507,329.98885249999995,T,5.0,4.8019207683073235,2.761104441776711,7.965087890625,8.087158203125,20200525_003,0
3511,330.2815925,T,-10.0,5.8023209283713495,3.6614645858343344,6.9122314453125,6.866455078125,20200525_003,0
3515,330.64339249999995,T,-0.0,5.122048819527811,2.9411764705882355,7.7362060546875,7.75146484375,20200525_003,0
3519,331.0381725,T,-5.0,5.562224889955983,3.2613045218087238,7.1868896484375,7.2174072265625,20200525_003,0
3523,331.4898925,T,10.0,4.621848739495799,2.5610244097639057,8.392333984375,8.48388671875,20200525_003,0
3527,331.7842325,T,-30.0,8.643457382953182,6.962785114045619,4.547119140625,4.5928955078125,20200525_003,0
3531,332.05979249999996,T,-20.0,6.662665066026411,4.441776710684274,5.7830810546875,5.6610107421875,20200525_003,0
3535,332.39883249999997,T,-40.0,,,0.0,0.091552734375,20200525_003,0
3549,333.9129925,T,20.0,4.541816726690677,2.3609443777511006,8.7738037109375,8.85009765625,20200525_003,0
3553,334.22935249999995,T,40.0,,,0.0,8.7432861328125,20200525_003,0
3557,334.55603249999996,T,30.0,,,0.0,8.941650390625,20200525_003,0
3561,334.84073249999994,T,5.0,4.901960784313727,2.681072428971589,8.1939697265625,7.9803466796875,20200525_003,0
3565,335.13695249999995,T,-10.0,5.84233693477391,3.7214885954381756,6.6986083984375,6.65283203125,20200525_003,0
3569,335.45179249999995,T,0.0,5.362144857943178,3.0612244897959187,7.415771484375,7.904052734375,20200525_003,0
3573,335.79167249999995,T,-5.0,5.642256902761105,3.2813125250100046,7.1258544921875,7.14111328125,20200525_003,0
3577,336.1625325,T,10.0,4.921968787515007,2.681072428971589,7.904052734375,8.0108642578125,20200525_003,0
3581,336.5881325,T,-30.0,8.263305322128852,6.60264105642257,3.84521484375,4.33349609375,20200525_003,0
3585,336.94323249999997,T,-20.0,6.60264105642257,4.421768707482993,5.859375,5.828857421875,20200525_003,0
3589,337.3353325,T,-40.0,,,0.0,-0.06103515625,20200525_003,0
4575,421.65420249999994,T,10.0,5.582232893157264,2.8411364545818327,12.5732421875,12.9547119140625,20200525_005,0
4579,421.96122249999996,T,40.0,4.881952781112446,2.1408563425370146,13.671875,13.8397216796875,20200525_005,0
4583,422.26706249999995,T,5.0,5.922368947579033,2.9411764705882355,11.8560791015625,11.871337890625,20200525_005,0
4587,422.58980249999996,T,20.0,5.482192877150861,2.4609843937575033,12.7716064453125,12.8326416015625,20200525_005,0
4591,422.9064625,T,30.0,5.2220888355342145,2.2008803521408566,13.9617919921875,13.9923095703125,20200525_005,0
4595,423.1933625,T,-30.0,,,0.0,2.6092529296875,20200525_005,0
4599,423.53406249999995,T,-40.0,,,0.0,0.1220703125,20200525_005,0
4603,423.86112249999996,T,-10.0,6.662665066026411,3.9015606242497003,10.650634765625,10.8795166015625,20200525_005,0
4607,424.1839025,T,-20.0,7.863145258103242,4.721888755502201,10.040283203125,10.3302001953125,20200525_005,0
4611,424.54986249999996,T,-5.0,6.142456982793118,3.301320528211285,11.5814208984375,11.53564453125,20200525_005,0
4615,425.00000249999994,T,0.0,6.002400960384154,3.2212885154061626,11.505126953125,11.7950439453125,20200525_005,0
4629,426.2152025,T,10.0,5.482192877150861,2.761104441776711,12.3291015625,12.237548828125,20200525_005,0
4633,426.7112625,T,40.0,4.781912765106043,2.0408163265306123,14.129638671875,14.1448974609375,20200525_005,0
4637,427.19762249999997,T,5.0,5.742296918767507,3.0412164865946383,11.9781494140625,12.298583984375,20200525_005,0
4641,427.55556249999995,T,20.0,5.482192877150861,2.5610244097639057,12.5579833984375,12.8631591796875,20200525_005,0
4645,427.85426249999995,T,30.0,5.162064825930373,2.220888355342137,13.9007568359375,13.97705078125,20200525_005,0
4649,428.1398225,T,-30.0,,,0.0,-0.030517578125,20200525_005,0
4653,428.45096249999995,T,-40.0,,,0.0,0.091552734375,20200525_005,0
4657,428.7719825,T,-10.0,6.742697078831533,3.6814725890356144,11.1236572265625,11.1236572265625,20200525_005,0
4661,429.08338249999997,T,-20.0,7.6630652260904375,4.501800720288116,10.2691650390625,10.3912353515625,20200525_005,0
4665,429.4584425,T,-5.0,6.2224889955982405,3.541416566626651,11.0321044921875,11.23046875,20200525_005,0
4669,429.76550249999997,T,0.0,6.022408963585434,3.2212885154061626,11.29150390625,11.688232421875,20200525_005,0
4683,431.20550249999997,T,10.0,5.762304921968788,2.701080432172869,12.969970703125,12.969970703125,20200525_005,0
4687,431.70066249999996,T,40.0,4.981992797118847,2.020808323329332,14.2669677734375,14.46533203125,20200525_005,0
4691,432.2116225,T,5.0,5.582232893157264,2.921168467386955,12.237548828125,12.359619140625,20200525_005,0
4695,432.68108249999995,T,20.0,5.142056822729092,2.5610244097639057,12.9852294921875,13.2293701171875,20200525_005,0
4699,433.21212249999996,T,30.0,5.04201680672269,2.3009203681472594,13.0615234375,13.427734375,20200525_005,0
4703,433.60336249999995,T,-30.0,9.663865546218489,7.262905162064827,5.2947998046875,5.8441162109375,20200525_005,0
4707,433.9229625,T,-40.0,,,0.0,0.18310546875,20200525_005,0
4711,434.23316249999993,T,-10.0,6.282513005202082,3.921568627450981,10.162353515625,10.31494140625,20200525_005,0
4715,434.55876249999994,T,-20.0,7.583033213285315,4.541816726690677,10.5133056640625,10.650634765625,20200525_005,0
4719,434.8887225,T,-5.0,5.922368947579033,3.541416566626651,10.8184814453125,10.955810546875,20200525_005,0
4723,435.18948249999994,T,0.0,6.122448979591837,3.2613045218087238,11.5814208984375,11.65771484375,20200525_005,0
4737,436.43648249999995,T,10.0,5.542216886754702,2.681072428971589,12.298583984375,12.20703125,20200525_005,0
4741,436.90376249999997,T,40.0,4.881952781112446,2.020808323329332,13.946533203125,13.9617919921875,20200525_005,0
4745,437.3989425,T,5.0,5.722288915566227,2.9811924769907967,11.8408203125,11.9476318359375,20200525_005,0
4749,437.95776249999994,T,20.0,5.562224889955983,2.5410164065626253,12.6190185546875,12.87841796875,20200525_005,0
4753,438.52346249999994,T,30.0,5.04201680672269,2.220888355342137,13.7786865234375,13.8702392578125,20200525_005,0
4757,439.08030249999996,T,-30.0,7.5230092036814735,5.782312925170069,1.9073486328125,2.655029296875,20200525_005,0
4761,439.52874249999996,T,-40.0,,,0.0,0.091552734375,20200525_005,0
4765,439.85358249999996,T,-10.0,6.582633053221289,3.781512605042017,11.0015869140625,10.955810546875,20200525_005,0
4769,440.15240249999994,T,-20.0,7.6630652260904375,4.461784713885555,9.4451904296875,9.552001953125,20200525_005,0
4773,440.43348249999997,T,-5.0,5.962384953981593,3.5214085634253705,10.9710693359375,11.505126953125,20200525_005,0
4777,440.7169825,T,0.0,5.862344937975191,3.3413365346138457,11.1541748046875,11.810302734375,20200525_005,0
4791,441.71616249999994,T,10.0,5.642256902761105,2.801120448179272,12.237548828125,12.39013671875,20200525_005,0
4795,442.0212825,T,40.0,4.901960784313727,2.1008403361344543,13.5650634765625,13.7481689453125,20200525_005,0
4799,442.34098249999994,T,5.0,5.702280912364946,3.0212084833933575,11.8865966796875,12.0849609375,20200525_005,0
4803,442.65726249999994,T,20.0,5.602240896358544,2.5610244097639057,13.36669921875,13.580322265625,20200525_005,0
4807,443.02536249999997,T,30.0,5.142056822729092,2.240896358543418,13.7176513671875,14.0228271484375,20200525_005,0
4811,443.46866249999994,T,-30.0,8.663465386154463,6.782713085234094,5.0201416015625,6.34765625,20200525_005,0
4815,443.82756249999994,T,-40.0,,,0.0,-0.0762939453125,20200525_005,0
4819,444.13260249999996,T,-10.0,6.562625050020009,3.9015606242497003,10.8642578125,11.016845703125,20200525_005,0
4823,444.46258249999994,T,-20.0,7.703081232492997,4.761904761904763,8.48388671875,9.033203125,20200525_005,0
4827,444.88280249999997,T,-5.0,5.862344937975191,3.581432573029212,10.80322265625,11.29150390625,20200525_005,0
4831,445.32596249999995,T,0.0,6.302521008403362,3.1212484993997602,11.8560791015625,11.962890625,20200525_005,0
4845,446.8430625,T,10.0,5.722288915566227,2.801120448179272,12.6495361328125,12.725830078125,20200525_005,0
4849,447.2940025,T,40.0,5.022008803521409,2.0408163265306123,14.801025390625,14.8773193359375,20200525_005,0
4853,447.61210249999993,T,5.0,6.022408963585434,3.0212084833933575,11.8255615234375,11.962890625,20200525_005,0
4857,447.9240225,T,20.0,5.342136854741897,2.5810324129651865,12.847900390625,13.397216796875,20200525_005,0
4861,448.2510225,T,30.0,5.102040816326531,2.3209283713485394,13.6871337890625,13.916015625,20200525_005,0
4865,448.56078249999996,T,-30.0,8.283313325330132,6.902761104441778,1.1444091796875,2.5787353515625,20200525_005,0
4869,448.89598249999995,T,-40.0,,,0.0,-0.0152587890625,20200525_005,0
4873,449.2773825,T,-10.0,6.402561024409764,3.6814725890356144,10.92529296875,10.833740234375,20200525_005,0
4877,449.62866249999996,T,-20.0,7.583033213285315,4.841936774709884,8.7127685546875,9.3231201171875,20200525_005,0
4881,449.9650225,T,-5.0,6.362545018007204,3.581432573029212,11.1236572265625,11.3525390625,20200525_005,0
4885,450.2900625,T,0.0,5.9423769507803135,3.2412965186074434,11.2457275390625,11.3067626953125,20200525_005,0
4899,451.70686249999994,T,10.0,5.742296918767507,2.9011604641856747,11.8865966796875,12.3138427734375,20200525_005,0
4903,452.0221825,T,40.0,5.022008803521409,2.180872348939576,13.73291015625,14.1448974609375,20200525_005,0
4907,452.3391625,T,5.0,5.902360944377752,3.081232492997199,11.871337890625,12.237548828125,20200525_005,0
4911,452.68036249999994,T,20.0,5.582232893157264,2.501000400160064,13.3056640625,13.427734375,20200525_005,0
4915,453.02026249999994,T,30.0,5.162064825930373,2.2809123649459786,13.3819580078125,13.5040283203125,20200525_005,0
4919,453.3414825,T,-30.0,8.343337334933974,6.322529011604642,1.9989013671875,2.13623046875,20200525_005,0
4923,453.6661225,T,-40.0,,,0.0,0.152587890625,20200525_005,0
4927,454.0645825,T,-10.0,6.442577030812325,3.9015606242497003,10.7574462890625,11.0931396484375,20200525_005,0
4931,454.44486249999994,T,-20.0,7.583033213285315,4.861944777911165,9.46044921875,9.9945068359375,20200525_005,0
4935,454.93552249999993,T,-5.0,5.982392957182873,3.4813925570228097,10.9100341796875,11.2152099609375,20200525_005,0
4939,455.39620249999996,T,0.0,6.182472989195679,3.161264505802321,11.7340087890625,11.7034912109375,20200525_005,0
852,78.57001249999999,T,10.0,5.6622649059623855,2.681072428971589,7.049560546875,7.1563720703125,20200525_004,0
856,78.90973249999999,T,5.0,5.822328931572629,2.9811924769907967,6.6986083984375,6.89697265625,20200525_004,0
860,79.35789249999999,T,-20.0,7.703081232492997,4.8019207683073235,4.7454833984375,5.126953125,20200525_004,0
864,79.8345325,T,30.0,5.102040816326531,2.420968387354942,7.4615478515625,7.8887939453125,20200525_004,0
868,80.2030525,T,20.0,5.402160864345738,2.661064425770308,7.3089599609375,7.9193115234375,20200525_004,0
872,80.5985525,T,40.0,4.9419767907162875,2.420968387354942,7.26318359375,7.99560546875,20200525_004,0
876,81.03123249999999,T,-10.0,6.862745098039216,3.8215286114445783,5.828857421875,5.9356689453125,20200525_004,0
880,81.5169325,T,0.0,5.982392957182873,3.2813125250100046,5.9356689453125,6.5765380859375,20200525_004,0
884,81.98607249999999,T,-5.0,6.462585034013606,3.581432573029212,5.706787109375,6.3934326171875,20200525_004,0
888,82.3956125,T,-40.0,,,0.0,0.152587890625,20200525_004,0
892,82.68293249999999,T,-30.0,9.72388955582233,7.643057222889157,3.0517578125,4.3182373046875,20200525_004,0
906,83.62933249999999,T,10.0,5.582232893157264,2.8611444577831135,6.8817138671875,7.1868896484375,20200525_004,0
910,83.9135925,T,5.0,5.642256902761105,3.0412164865946383,6.5460205078125,6.7901611328125,20200525_004,0
914,84.3016325,T,-20.0,8.423369347739095,5.282112845138056,3.631591796875,4.3487548828125,20200525_004,0
918,84.6751925,T,30.0,5.202080832332934,2.4609843937575033,7.720947265625,8.0718994140625,20200525_004,0
922,85.1293925,T,20.0,5.502200880352142,2.5810324129651865,7.8887939453125,8.3160400390625,20200525_004,0
926,85.5781325,T,40.0,4.961984793917567,2.3809523809523814,7.8277587890625,8.270263671875,20200525_004,0
930,86.0609925,T,-10.0,7.202881152460985,3.781512605042017,6.011962890625,5.9814453125,20200525_004,0
934,86.45849249999999,T,0.0,6.062424969987996,3.181272509003602,6.3934326171875,6.7901611328125,20200525_004,0
938,86.8119325,T,-5.0,6.842737094837936,3.581432573029212,5.9051513671875,6.16455078125,20200525_004,0
942,87.0946525,T,-40.0,,,0.0,-0.0762939453125,20200525_004,0
946,87.52435249999999,T,-30.0,9.643857543017209,7.302921168467388,3.4027099609375,4.1656494140625,20200525_004,0
960,88.7526125,T,10.0,5.46218487394958,2.8611444577831135,6.622314453125,7.171630859375,20200525_004,0
964,89.0612925,T,5.0,5.762304921968788,2.9411764705882355,6.927490234375,7.01904296875,20200525_004,0
968,89.44719249999999,T,-20.0,8.16326530612245,4.821928771508604,4.730224609375,4.913330078125,20200525_004,0
972,89.92679249999999,T,30.0,5.102040816326531,2.4609843937575033,7.8582763671875,8.11767578125,20200525_004,0
976,90.4251125,T,20.0,5.402160864345738,2.5810324129651865,7.537841796875,7.8277587890625,20200525_004,0
980,90.87925249999999,T,40.0,5.002000800320128,2.420968387354942,7.5225830078125,8.0413818359375,20200525_004,0
984,91.2521125,T,-10.0,6.762705082032814,3.9015606242497003,5.706787109375,5.8746337890625,20200525_004,0
988,91.5363125,T,0.0,6.402561024409764,3.2813125250100046,6.0272216796875,6.40869140625,20200525_004,0
992,91.82923249999999,T,-5.0,6.542617046818728,3.6214485794317732,5.7830810546875,6.1187744140625,20200525_004,0
996,92.15609249999999,T,-40.0,,,0.0,0.091552734375,20200525_004,0
1000,92.5069925,T,-30.0,10.344137655062026,8.503401360544219,2.0294189453125,3.143310546875,20200525_004,0
1014,93.6395125,T,10.0,5.482192877150861,2.9011604641856747,6.89697265625,7.293701171875,20200525_004,0
1018,94.1357525,T,5.0,5.6822729091636655,3.141256502601041,5.9051513671875,6.4849853515625,20200525_004,0
1022,94.4495125,T,-20.0,8.063225290116048,5.242096838735495,4.364013671875,4.974365234375,20200525_004,0
1026,94.8331925,T,30.0,5.202080832332934,2.521008403361345,7.1258544921875,7.6446533203125,20200525_004,0
1030,95.2509525,T,20.0,5.422168867547019,2.521008403361345,7.2021484375,7.537841796875,20200525_004,0
1034,95.7637925,T,40.0,4.881952781112446,2.440976390556223,7.5836181640625,8.2244873046875,20200525_004,0
1038,96.11859249999999,T,-10.0,6.5226090436174475,3.9815926370548222,5.584716796875,5.859375,20200525_004,0
1042,96.4498125,T,0.0,6.2424969987995205,3.301320528211285,5.9661865234375,6.317138671875,20200525_004,0
1046,96.72371249999999,T,-5.0,6.742697078831533,3.5014005602240896,5.9661865234375,6.103515625,20200525_004,0
1050,97.0582525,T,-40.0,,,0.0,-0.0152587890625,20200525_004,0
1054,97.3538325,T,-30.0,9.823929571828732,8.703481392557023,1.708984375,2.960205078125,20200525_004,0
1068,98.6353125,T,10.0,5.522208883553422,2.9011604641856747,6.4849853515625,7.0037841796875,20200525_004,0
1072,99.08629249999998,T,5.0,5.962384953981593,3.001200480192077,6.4849853515625,6.7291259765625,20200525_004,0
1076,99.46529249999999,T,-20.0,8.403361344537817,4.921968787515007,4.6844482421875,5.0506591796875,20200525_004,0
1080,99.96585499999999,T,30.0,5.082032813125251,2.5410164065626253,7.3089599609375,7.6751708984375,20200525_004,0
1084,100.4444925,T,20.0,5.422168867547019,2.6210484193677477,7.2784423828125,7.5836181640625,20200525_004,0
1088,100.80841249999999,T,40.0,4.981992797118847,2.420968387354942,7.659912109375,8.2244873046875,20200525_004,0
1092,101.13823249999999,T,-10.0,7.462985194077632,4.041616646658664,5.3863525390625,5.79833984375,20200525_004,0
1096,101.56943249999999,T,0.0,6.382553021208484,3.2212885154061626,6.4544677734375,6.6986083984375,20200525_004,0
1100,101.97903249999999,T,-5.0,6.482593037214887,3.6014405762304924,5.950927734375,6.317138671875,20200525_004,0
1104,102.31243249999999,T,-40.0,,,0.0,-0.091552734375,20200525_004,0
1108,102.69241249999999,T,-30.0,,,0.0,1.2054443359375,20200525_004,0
1122,104.14921249999999,T,10.0,5.522208883553422,3.0212084833933575,6.5765380859375,7.110595703125,20200525_004,0
1126,104.5629525,T,5.0,5.9423769507803135,3.001200480192077,6.34765625,6.622314453125,20200525_004,0
1130,105.07045249999999,T,-20.0,8.243297318927572,5.162064825930373,4.4097900390625,5.0048828125,20200525_004,0
1134,105.53333249999999,T,30.0,5.142056822729092,2.521008403361345,7.5531005859375,8.1787109375,20200525_004,0
1138,106.04001249999999,T,20.0,5.4421768707483,2.641056422569028,7.26318359375,7.75146484375,20200525_004,0
1142,106.55119249999998,T,40.0,5.002000800320128,2.440976390556223,7.7667236328125,8.5601806640625,20200525_004,0
1146,106.95571249999999,T,-10.0,6.60264105642257,3.801520608243298,5.5084228515625,5.523681640625,20200525_004,0
1150,107.26105249999999,T,-0.0,5.902360944377752,3.361344537815126,5.828857421875,6.3018798828125,20200525_004,0
1154,107.57225249999999,T,-5.0,6.362545018007204,3.701480592236895,5.3558349609375,5.889892578125,20200525_004,0
1158,107.9677725,T,-40.0,,,0.0,0.1220703125,20200525_004,0
1162,108.2867125,T,-30.0,9.483793517406964,7.723089235694278,2.25830078125,3.3721923828125,20200525_004,0
1176,109.45683249999999,T,10.0,5.602240896358544,2.9011604641856747,6.9580078125,7.2174072265625,20200525_004,0
1180,109.90533249999999,T,5.0,5.762304921968788,2.9611844737895163,7.049560546875,7.232666015625,20200525_004,0
1184,110.2792925,T,-20.0,8.243297318927572,5.04201680672269,4.8065185546875,5.096435546875,20200525_004,0
1188,110.69311249999998,T,30.0,5.142056822729092,2.5410164065626253,7.2174072265625,7.6446533203125,20200525_004,0
1192,111.11429249999999,T,20.0,5.502200880352142,2.661064425770308,7.171630859375,7.537841796875,20200525_004,0
1196,111.5467925,T,40.0,4.9419767907162875,2.420968387354942,7.3394775390625,7.781982421875,20200525_004,0
1200,111.91361249999999,T,-10.0,7.322929171668669,4.081632653061225,5.4779052734375,5.8441162109375,20200525_004,0
1204,112.21057249999998,T,0.0,6.422569027611045,3.301320528211285,5.828857421875,6.1492919921875,20200525_004,0
1208,112.54559249999998,T,-5.0,6.702681072428972,3.6614645858343344,5.889892578125,6.28662109375,20200525_004,0
1212,112.9676325,T,-40.0,,,0.0,0.0762939453125,20200525_004,0
1216,113.28961249999999,T,-30.0,,,0.0,0.7781982421875,20200525_004,0
1230,114.70449249999999,T,10.0,5.422168867547019,2.7811124449779916,6.8206787109375,6.9580078125,20200525_004,0
1234,115.07251249999999,T,5.0,5.9423769507803135,3.10124049619848,6.16455078125,6.65283203125,20200525_004,0
1238,115.38645249999999,T,-20.0,8.063225290116048,5.562224889955983,3.96728515625,4.7149658203125,20200525_004,0
1242,115.74095249999999,T,30.0,5.182072829131653,2.420968387354942,7.5531005859375,7.781982421875,20200525_004,0
1246,116.08509249999999,T,20.0,5.422168867547019,2.681072428971589,7.1258544921875,7.4920654296875,20200525_004,0
1250,116.40729249999998,T,40.0,5.002000800320128,2.440976390556223,7.2479248046875,7.9803466796875,20200525_004,0
1254,116.7380525,T,-10.0,7.442977190876351,4.021608643457383,5.3253173828125,5.55419921875,20200525_004,0
1258,117.1036925,T,-0.0,6.462585034013606,3.461384553821529,5.8135986328125,6.500244140625,20200525_004,0
1262,117.5141925,T,-5.0,6.862745098039216,3.6614645858343344,5.7373046875,6.134033203125,20200525_004,0
1266,117.88119249999998,T,-40.0,,,0.0,0.1220703125,20200525_004,0
1270,118.38939249999999,T,-30.0,10.004001600640256,7.743097238895559,2.25830078125,3.173828125,20200525_004,0
1284,119.90949249999998,T,10.0,5.582232893157264,2.921168467386955,6.7138671875,7.4005126953125,20200525_004,0
1288,120.2671525,T,5.0,5.782312925170069,3.0412164865946383,6.16455078125,6.6680908203125,20200525_004,0
1292,120.58841249999999,T,-20.0,8.22328931572629,5.322128851540616,3.9825439453125,4.5166015625,20200525_004,0
1296,120.8638125,T,30.0,5.182072829131653,2.501000400160064,7.6904296875,8.056640625,20200525_004,0
1300,121.22261249999998,T,20.0,5.322128851540616,2.601040416166467,7.171630859375,7.568359375,20200525_004,0
1304,121.6314125,T,40.0,4.9419767907162875,2.4609843937575033,7.6141357421875,8.453369140625,20200525_004,0
1308,122.08263249999999,T,-10.0,7.42296918767507,3.861544617847139,5.859375,5.859375,20200525_004,0
1312,122.4473525,T,-0.0,6.542617046818728,3.301320528211285,6.28662109375,6.7138671875,20200525_004,0
1316,122.84303249999999,T,-5.0,7.02280912364946,3.6414565826330536,6.04248046875,6.4239501953125,20200525_004,0
1320,123.3519925,T,-40.0,,,0.0,0.0152587890625,20200525_004,0
1324,123.87593249999999,T,-30.0,9.823929571828732,8.443377350940377,2.1820068359375,4.150390625,20200525_004,0
1338,125.30599249999999,T,10.0,5.642256902761105,2.9811924769907967,6.6070556640625,6.89697265625,20200525_004,0
1342,125.81525249999999,T,5.0,5.902360944377752,3.181272509003602,6.500244140625,7.01904296875,20200525_004,0
1346,126.2320525,T,-20.0,8.20328131252501,5.082032813125251,4.302978515625,4.638671875,20200525_004,0
1350,126.63519249999999,T,30.0,5.122048819527811,2.4809923969587837,7.5225830078125,7.781982421875,20200525_004,0
1354,127.1413925,T,20.0,5.482192877150861,2.7811124449779916,7.0343017578125,7.568359375,20200525_004,0
1358,127.67475249999998,T,40.0,5.022008803521409,2.420968387354942,7.50732421875,8.056640625,20200525_004,0
1362,128.1114925,T,-10.0,7.1028411364545825,4.081632653061225,5.4473876953125,5.9051513671875,20200525_004,0
1366,128.48269249999998,T,0.0,6.382553021208484,3.461384553821529,5.7220458984375,6.28662109375,20200525_004,0
1370,128.82759249999998,T,-5.0,6.622649059623851,3.541416566626651,6.0577392578125,6.378173828125,20200525_004,0
1374,129.1243525,T,-40.0,,,0.0,-0.030517578125,20200525_004,0
1378,129.4493925,T,-30.0,,,0.0,1.1138916015625,20200525_004,0
